functions,count,mechanism,definition,explainer,sentence,mechanism.description,quarto
Command and Control,9,"Diplomatic Theater,Overt State Media,Ideological Center,Kinetic Military Action,Intelligence Operations,Information Denial,Proxy Governance,Group Infiltration,Rule Imposition","Command and control in authoritarian systems is not confined to military hierarchies or emergency protocols. It extends through institutions often treated as distinct—intelligence, media, diplomacy, and private enterprise—that, in practice, function as interdependent components of a single influence architecture. The instruments vary, but the outcome is consistent: centralized decision-making, managed perception, and the suppression of alternatives.

This section outlines the core components of that architecture. It begins with the regime itself—not as a solitary ruler or party apparatus, but as a network of coercive institutions, loyal elites, and doctrinal imperatives. From there, it traces how control is operationalized through intelligence services, diplomatic channels, state and oligarchic media, and proxy economic networks. It also examines the deliberate targeting of journalists, researchers, and other information-gathering actors—both domestically and abroad—not only to punish dissent but to prevent the production of conflicting knowledge.

These instruments do not operate in isolation. They reinforce one another. Intelligence agencies shape the narratives that state media promotes. Diplomats echo talking points seeded by front organizations. Mercenary companies project force while masking the chain of command. The structure is modular by design, built for flexibility, redundancy, and plausible deniability.

What emerges is not a singular doctrine but a reproducible pattern: systems of control engineered to thrive under ambiguity, to blur the line between policy and propaganda, and to render opposition not only dangerous but difficult to discern.","**Command and Control** refers to the mechanisms through which governments and other powerful entities establish authority and shape decision-making structures. These include:

- **Repression**, as defined by ACLED—the use of violence by state forces against civilians or protesters—to enforce information discipline and deter dissent.
    - **Targeting of information gatherers**, such as journalists, scientists, and academics, to suppress independent reporting and enforce conformity with official narratives.
- **Extrajudicial killings**, targeted executions carried out by state agents or proxies to eliminate rivals or intimidate potential challengers.
- **Economic coercion**, where financial leverage is used to induce compliance, punish dissent, or extract concessions from foreign governments.
- **Diplomatic channels**, which advance influence operations under the guise of policy dialogue or multilateral cooperation.
- **Kinetic military action**, where armed forces are deployed to seize territory, eliminate opposition, or impose regime objectives through direct violence.
- **Oligarchic media**, privately held outlets aligned with state interests that shape perception while maintaining a façade of independence.
- **Domestic intelligence operations**, the continuous surveillance and neutralization of internal threats to maintain regime stability.
- **Support for autocratic leaders**, the export of material, political, and informational resources to sustain allied regimes abroad.

Together, these mechanisms consolidate control, remove independent sources of interpretation or resistance, and structure the information environment to ensure that only state-sanctioned narratives are visible, credible, or safe to repeat.

## Varieties

### The Regime

The regime sits at the center of command and control, not just as leadership, but as infrastructure. It links political authority, intelligence services, military institutions, and oligarch-aligned capital into a system that governs through coordination more than command. In hybrid influence systems, the regime is less a person or office than a network: overlapping elites, coercive actors, and shared goals that outlast any individual.

Its role is not symbolic. It sets parameters for acceptable speech, assigns threat value, selects targets, and distributes both force and narrative. That influence is exerted through ministries, informal councils, and patronage networks alike. What matters is not the form but the function: shaping tempo, synchronizing action, and keeping other instruments aligned.

The regime does not need to speak for its priorities to register. They show up in state media headlines, in the timing of arrests, in the silences that follow unexplained deaths. Without that central structure, the rest of the system fragments. With it, disparate actions take on the shape of strategy.

- **The Kremlin's Vertical of Power (Russia, 2000–present):** Vladimir Putin's consolidation of the _siloviki_ (security elites) illustrates regime-as-infrastructure. Senior figures circulate between intelligence agencies, state corporations, and ministries, maintaining coordination through personal loyalty and shared enrichment. The _Presidential Administration_ acts as a nerve center linking propaganda (RT, TASS), intelligence (FSB, SVR, GRU), and oligarchic finance (Rosneft, Gazprom, VTB). The result is not command by decree but synchronized reaction—media, diplomacy, and paramilitary activity aligning automatically to regime priorities.
    
- **The Chinese Party-State (CCP under Xi Jinping):** The _Leading Small Groups_ (领导小组) system institutionalizes coordination across ministries and sectors. These cross-cutting committees link propaganda, cyber governance, foreign affairs, and military modernization under direct Party supervision. The Central Cyberspace Affairs Commission, chaired by Xi, exemplifies this blending of political, technical, and ideological authority—ensuring that online discourse, tech policy, and security operations move in lockstep.
    
- **Iran's Deep State (IRGC and Clerical Oversight):** Iran's Islamic Revolutionary Guard Corps operates as both a military entity and an economic-political conglomerate, controlling construction, telecommunications, and media through front companies. It coordinates coercion, patronage, and information operations on behalf of the Supreme Leader, binding formal governance to informal control networks.
    
- **North Korea's ""Monolithic Ideological System"":** The _Organization and Guidance Department_ functions as the regime's internal control grid—supervising the military, Party, media, and even cultural life. It ensures that all institutions echo central messaging without requiring constant top-down orders.
    
- **Post-Soviet Hybrid Coordination (Belarus and Serbia):** Belarus under Lukashenko and Serbia under Vučić both demonstrate how regimes synchronize state institutions and business oligarchs through informal councils. Key media outlets receive privileged access and funding in exchange for editorial compliance, while security services coordinate with pro-regime business networks to manage dissent and elections. The effect is systemic alignment without visible repression.
    
- **Turkey's ""Coordination Councils"" and Crony Networks:** Erdoğan's use of the _Presidency of Communications_ and the _Wealth Fund_ mirrors a soft form of command-and-control—consolidating narrative power, financial leverage, and security coordination under a single executive umbrella, while maintaining the appearance of pluralism through party and business intermediaries.
    

These examples reveal the regime not as a solitary ruler but as a synchronized ecosystem of elites, agencies, and institutions—governing through alignment rather than instruction, where shared incentives and enforced loyalty replace formal hierarchy.

### Intelligence Agencies

Intelligence agencies in hybrid-authoritarian systems do more than collect information. They function as primary instruments of narrative enforcement and operational execution. Under Soviet doctrine—which still shapes the practices of post-Soviet regimes like Russia—intelligence services are not external observers but integral components of the [command system](https://istories.media/en/stories/2023/02/08/inside-the-censorship-machine/), built to [shape reality](https://www.rferl.org/a/russia-agency-internet-censorship/32262102.html) as much as document it.

Entities like the KGB—and its successors, including the FSB, SVR, and GRU—operate [beyond bureaucratic bounds](https://www.chds.us/selfstudy/resources/uploads/2022/05/Nation-States-Russia-1-FINAL.pdf). They are embedded across the military, diplomatic, economic, and informational sectors. Their presence forms a layered mesh of overlapping jurisdictions and shared objectives. Intelligence is not a discrete structure here. It's the connective tissue—linking, reinforcing, and extending the regime's reach. The [razvedka architecture](https://apps.dtic.mil/sti/citations/ADA216369) of the Soviet period remains the clearest example of this approach.

### Diplomatic Channels

Diplomatic channels—formal or informal—are tools for negotiation, coordination, and influence between states. While often framed as mechanisms for legitimate cooperation, they frequently carry strategic ambiguity. Treaties and agreements may include vague clauses, such as references to ""military cooperation,"" that can later be invoked to justify intervention or escalation. These channels operate across legal and cultural domains, allowing the regime to shape perception, build influence among local elites, and construct a veneer of legitimacy for future actions.

Diplomatic channels can also be used as little more than a [megaphone for state media](https://thebulletin.org/2024/05/false-russian-claims-hijacked-the-biological-weapons-treaty-heres-how-to-reclaim-it/). False claims made during meetings of international bodies are one example.

- Russia has derailed nonproliferation meetings related to biological weapons by making claims about [bioweapons development](https://hoaxlines.org/2022/russia-changed-its-story-about-bioweapons-then-russia-and-china-opened-the-disinformation-floodgates) in Ukraine, a long-standing false claim that [traces back to a GRU front](https://hoaxlines.org/2022/us-ukraine-biolabs-story-likely-authored-by-russian-intelligence).
    
- Russia has invited bloggers who promoted [false claims about the White Helmets](https://deadlydisinformation.org/) in Syria to the UN.
    

### Overt State Media

Overt state media—such as Pravda, TASS, or Russia Today—serve as a central [broadcasting arm](https://books.google.com/books/about/Soviet_Active_Measures_in_the_Era_of_Gla.html?id=fWcItwAACAAJ) of regime authority, operating within a broader [propaganda ecosystem](https://clintwatts.substack.com/p/russias-propaganda-and-disinformation?s=r). These outlets function less as journalism, though they go to great lengths to mimic the appearance and language of credible media outlets, and more as ideological enforcement mechanisms. They deliver approved narratives, manufacture crises, obscure dissent, and frame the regime's actions as defensive, moral, or inevitable.

Because their visibility is explicit, these media do not aim to deceive by hiding their allegiance. Instead, they project dominance, showing that the regime controls the truth and does not need to apologize.

In the information plane, overt media is a key tool for setting discourse boundaries, drowning out rival narratives, and forcing adversaries into a reactive posture. It also acts as a signal amplifier, cueing aligned outlets, influencers, and proxies on messaging priorities.

- The editor-in-chief of RT has repeatedly described the role of state media as [critical as defense](https://medium.com/dfrlab/question-that-rts-military-mission-4c4bd9f72c88). She has compared state funding for RT to defense, saying that you spend on both for the same reason.
    
- Outlets like TASS are critical in [broadcasting unsubstantiated claims](https://web.archive.org/web/20230925225317/https://tass.com/politics/1604465) about the US's development of biological weapons. Until 2022, TASS had a [partnership with Reuters](https://www.reuters.com/business/media-telecom/reuters-removes-tass-russian-news-agency-its-content-marketplace-2022-03-23/), a highly respected and generally credible news source.
    

### Oligarchic Media

Parallel to state media, oligarchic media form a distributed layer of regime-aligned influence with greater flexibility and reduced attribution. Outlets like Tsargrad TV or think tanks like Katehon serve ideological goals while preserving the appearance of independence.

These platforms are often funded by Kremlin-friendly oligarchs and staffed by nationalist intellectuals, ultra-conservative clerics, or information manipulation veterans. Their role is to inject regime-aligned narratives into broader cultural and political debates, particularly in foreign environments where overt state branding would raise suspicion.

Oligarchic media operates in the information and financial planes, allowing command functions to spread organically through loyalty, patronage, and ideology networks.

|Outlet|Affiliated Oligarch|Known Functions|
|:--|---|---|
|**Tsargrad TV**|Konstantin Malofeev|Russian Orthodox ultraconservative broadcasting; anti-Western, anti-liberal values|
|**Katehon**|Malofeev network; Aleksandr Dugin affiliated|Think tank publishing ideological content promoting Eurasianism and traditionalism|
|**National Liberation Movement (NOD)**|Yevgeny Fyodorov (State Duma deputy, Kremlin-linked)|Claims grassroots status; promotes Kremlin-aligned nationalism and anti-NATO messaging|
|**Regnum News Agency**|Sergei Rudnov (associate of Igor Sechin)|Covers regional nationalism, publishes pro-separatist material (in Belarus, Ukraine)|
|**Zavtra (Tomorrow)**|Aleksandr Prokhanov|Neostalinist and nationalist editorial line; ideological testing ground for regime-sympathetic narratives|
|**Geopolitica.ru**|Leonid Savin (linked to Dugin's network)|Promotes anti-globalism, multipolarity, and Russian strategic culture abroad|

**Example in Practice: Malofeev's Media Network**

Konstantin Malofeev, [sanctioned by the U.S.](https://home.treasury.gov/news/press-releases/jy0628) and EU, funds Tsargrad and Katehon, and maintains relationships with pro-Russian religious and paramilitary groups. His outlets:

- Promote specific Orthodox religious views
- Demonize minority groups
- Promote Russian exceptionalism and civilizational conflict
- Justify armed conflict in Ukraine, Syria, and the Balkans
- Support ""Russkiy Mir"" ideology, advancing the idea of a unified cultural-political space across post-Soviet and Slavic territories

These operations contribute to softening foreign resistance, justifying military action, and maintaining coherence among ideological hardliners within Russia and its sphere of influence.

### Targeting Information Gatherers

According to the Armed Conflict Location & Event Data Project (ACLED), **repression** refers to the use of violence by state forces against civilians or protesters—a [measurable indicator](https://acleddata.com/methodology/acled-codebook#acled-events-2) of how governments respond to dissent and social disorder. Within Infomap, this concept extends beyond physical coercion to encompass the full architecture of control that governs who may speak, research, publish, or criticize.

Repression is not only what happens in the streets but also what happens to knowledge itself: the regulation of interpretation through fear, legal constraint, and ambient threat. It is the functional mechanism through which regimes maintain information discipline, converting uncertainty into obedience.

Regimes conduct surveillance through informant networks, threaten dissidents, force them into exile, hold their relatives hostage at home, and, in some cases, [harm dissidents directly](https://www.youtube.com/watch?v=FkPCec7jG5I). These tactics instilled [fear and mistrust](https://citizenlab.ca/2022/03/psychological-emotional-war-digital-transnational-repression-canada/) among co-nationals, depoliticized their speech and social life, and rendered [anti-regime activism](https://safeguarddefenders.com/sites/default/files/pdf/110%20Overseas%20%28v5%29.pdf) a high-risk activity.

Across all of these domains—domestic and foreign—the targeting of epistemic actors is becoming increasingly anonymized, decentralized, and challenging to trace. It is no longer a matter of direct censorship, but of systemic constraint on what may be known, said, or trusted. The result is not silence in the traditional sense, but the managed domestication of discourse itself.

#### DOMESTIC

True command and control is impossible without information discipline. Authoritarian regimes must not only generate narratives but also prevent unauthorized stories from gaining traction. To achieve this, they systematically target journalists, academics, scientists, some clergy, whistleblowers, and others whose work contributes to building knowledge and may conflict with official positions.

This targeting achieves multiple aims. It suppresses dissent, deters through fear, signals to broader society, and manipulates collective memory. The suppression occurs through direct coercion and what might be called ambient repression—forms of threat that do not require centralized enforcement, because the population has already internalized the risk.

Self-censorship is one example of this, representing what historian Timothy Snyder calls ""anticipatory obedience""—when individuals anticipate what a more repressive government might want and then offer themselves without being asked.

- Surveillance and harassment are used to induce a continuous sense of fear. Individuals are monitored online and offline, often without formal charges, cultivating a sense of an ever-watchful government eye. Recent revelations show governments using spyware against civil society and media, with numerous states revealed to be targeting activists and journalists with sophisticated surveillance technology, much of it supplied by companies with close military links. This creates what researchers call a ""chilling climate"" where both journalists and sources experience ""paranoia"" as a tactic with longstanding precedent used by intelligence agencies to pressure activists and journalists.
    
- Strategic lawsuits and criminal charges are deployed to tie dissenters down in legal or financial precarity. These [Strategic Lawsuits Against Public Participation](https://jhr.law.northwestern.edu/issues/slapp-suits-an-encroachment-on-human-rights-of-a-global-proportion-and-what-can-be-done-about-it/) (SLAPPs) have become an [all-too-common tool](https://www.freepressunlimited.org/en/current/new-report-confirms-increase-slapp-cases-europe-serious-threat-press-freedom) for intimidating and silencing criticism through [expensive, baseless legal proceedings](https://www.law.cornell.edu/wex/slapp_suit). From Russia to Kyrgyzstan, and Georgia to Hungary, [""foreign agent"" style laws](https://www.hrw.org/news/2024/09/19/foreign-agent-laws-authoritarian-playbook) have become a preferred instrument for authoritarians to extinguish critical voices, shield their rule from scrutiny, and strengthen their hold on power. The claimants aim to silence critical reporting about them, using whatever law—criminal or civil—is most convenient. The burden of defending a case means that merely threatening litigation can be enough for a media outlet to withdraw a report or issue an apology.
    
- Discrediting campaigns are launched to destroy reputations rather than refute ideas. This includes [media smear pieces](https://www.washingtonpost.com/technology/2019/12/17/russian-disinformation-network-said-have-helped-spread-smear-us-ambassador-ukraine/), [selective data leaks](https://www.polygraph.info/a/fact-check-russia-s-latest-attempt-to-smear-bellingcat-over-mh17-unsuccessful-/6741894.html), [manipulated digital forensics](https://rsf.org/en/smear-campaign-targets-three-journalists-burkina-faso-and-two-french-journalists), and broader efforts to [recast critics as morally suspect](https://reutersinstitute.politics.ox.ac.uk/silent-war-how-journalists-face-coordinated-discrediting-worldwide). Digital threats like cyberattacks, surveillance, doxing, and harassment affect journalists' ability to reach their audiences. At the same time, smear campaigns undermine their credibility, and the intimidation of family members exacts a high psychological toll.
    
- Physical intimidation includes actions such as [arbitrary arrests](https://www.nytimes.com/2025/04/16/world/europe/russia-journalists-navalny.html), [police raids](https://cpj.org/2023/08/russias-supreme-court-upholds-22-year-prison-sentence-for-journalist-ivan-safronov/), disappearances, and [indefinite pre-trial detention](https://www.nytimes.com/2023/08/04/world/europe/navalny-putin-opposition-verdict.html). Authoritarian campaigns to clamp down on dissent and control the media have driven scores of journalists from countries like Afghanistan, Belarus, Hong Kong, Myanmar, Nicaragua, and Russia into exile, but the repression of a free press does not stop at the border. Freedom House has identified 112 acts of transnational repression committed against journalists by 26 governments between 2014 and 2023, including physical attacks, unlawful deportations, detentions, renditions, digital harassment, and reprisals against family members.
    
- Infrastructural throttling occurs when the regime dismantles the support systems that enable independent work. This includes revoking licenses, dissolving NGOs, banning publications, or denying research funding and academic appointments, as documented in [campaigns against journalists](https://www.bbc.com/news/blogs-trending-41499789). In Russia, for example, the invasion of Ukraine led to [new legislation restricting press freedom](https://www.nytimes.com/2022/03/04/world/europe/russia-censorship-media-crackdown.html), with laws punishing the spreading of non-Kremlin-approved information with up to 15 years in prison, making [covering the war practically illegal](https://istories.media/en/stories/2023/02/08/inside-the-censorship-machine/) for Russian reporters.
    
- Digital interference targets a person's virtual footprint. It includes account suspensions, algorithmic downranking, spyware targeting, and the spread of deepfakes—tools that erode credibility or silence voices by degrading digital access or polluting reputational space. [Data localization](https://freedomhouse.org/article/data-localization-global-threat-human-rights-online) requirements, the [rise of digital authoritarianism](https://freedomhouse.org/report/freedom-net/2018/rise-digital-authoritarianism), and [expanding surveillance tools](https://jalt.com.pk/index.php/jalt/article/view/772) continue to proliferate. As more countries move toward authoritarianism and technological advances proliferate, the authoritarian digital arsenal continues to expand and diversify, encompassing geopolitical tensions and the rapid growth of generative artificial intelligence.
    

The purpose of these measures is not simply censorship. It is to instill [anticipatory obedience](https://www.amazon.com/Road-Unfreedom-Russia-Europe-America/dp/0525574468)—a condition where individuals self-censor, not because they are explicitly silenced, but because they learn to calculate risk and act accordingly. Knowledge, in such an environment, becomes a contested and dangerous asset.

#### ABROAD

This logic of targeting does not stop at national borders. Instead, it is projected outward to suppress dissent among diaspora communities, discredit adversarial narratives, and intimidate foreign actors from engaging critically. What appear to be isolated incidents when viewed separately—an assassination here, a kidnapping there—in fact form a constant threat across the world that is affecting the lives of millions of people and changing how activists, journalists, and regular individuals go about their lives. By 2024, some [44 countries have been documented](https://freedomhouse.org/report/transnational-repression/2024/no-way-or-out-authoritarian-controls-freedom-movement) as committing transnational repression, according to Freedom House.

- Visa denials and travel bans are applied to investigative journalists, scholars, and activists, denying them access to forums where they might share critical findings or collaborate across borders. At least 55 governments worldwide employ one or more mobility control methods to restrict freedom of movement, including revoking citizenship, passport restrictions, denial of consular services, and travel bans, to coerce and punish dissidents, activists, journalists, and ordinary people. Since 2019, Amnesty International has documented the cases of at least [six Kashmiri journalists](https://www.amnesty.org/en/latest/news/2022/09/india-the-government-must-end-the-repression-of-rights-in-jammu-and-kashmir/) barred from travelling outside India without any lawful justification. These restrictions hinder people's ability to express dissent and participate in pro-democracy activism, signaling to potential government critics that they may face similar consequences.
    
- Digital intimidation campaigns are conducted through troll armies, doxing, and orchestrated reporting aimed at deplatforming or silencing critics. A 2017 report from Freedom House showed that [30 governments worldwide paid keyboard armies](https://freedomhouse.org/sites/default/files/2020-02/Freedom_on_the_Net_2017_complete_book.pdf) to spread propaganda and attack critics, using paid commentators, trolls, and bots to harass journalists and erode trust in the media. The efforts have succeeded in many cases, sending journalists into exile or effectively silencing online expression. While a DDoS attack targets hardware, [doxxing is far more personal](https://restofworld.org/2021/kenya-disinformation-bbi-judiciary/) because it targets a person's private life, revealing someone's identity or whereabouts as a [common tactic to intimidate](https://advox.globalvoices.org/2019/09/06/serbian-journalists-expose-anonymous-doxing-sites-ties-to-pro-government-media-coterie/). These actions often blur the line between cyberattack and psychological operation.
    
- Extraterritorial surveillance happens through embassies, cultural centers, or compromised platforms. Governments also rely on passport cancellations and international arrest warrants to trap and detain opponents abroad. Digital technologies provide authoritarian rulers with powerful tools to extend surveillance and control beyond borders and deep into the personal lives of exiles. Surveillance may serve as an instrument of controlling ""voice"" abroad in multiple ways: mirroring extensive [repression within authoritarian states](https://istories.media/en/stories/2023/02/08/inside-the-censorship-machine/), governments design [surveillance systems](https://russiapost.info/society/doxing_campaign) to monitor [diaspora communities](https://www.migrationpolicy.org/article/authoritarian-regimes-target-their-emigrant-and-diaspora-communities).
    
- Proxy litigation is used to entangle critics in lawsuits or criminal proceedings in third-party countries with pliable legal systems. States use domestic forms of repression as a means of punishing, threatening, or controlling those who reside overseas through strategies that involve long-distance coercion-by-proxy. These cases are often filed under pretexts, such as incitement or hate speech, creating a chilling effect without requiring a win in the case. This can be considered a ""low cost"" form of transnational repression, as it neither violates the sovereignty of other states nor is likely to garner significant levels of diplomatic or media attention.
    
- Funding disruption is a method of strangulation. Authoritarian regimes have found more sophisticated ways to repress their opponents, using FATF regulations to justify the confiscation of assets and freezing of hundreds of millions belonging to churches, universities, and dissidents. Donors are pressured, financial access is revoked, and NGOs are labeled extremist or subversive, thereby blocking their ability to function.
    
- Narrative laundering is carried out through third-party actors—foreign academics, think tanks, journalists—who are invited to write op-eds, join panels, or contribute to reports that subtly echo regime-aligned narratives while casting doubt on opposition voices. This includes [Treasury-sanctioned operations](https://home.treasury.gov/news/press-releases/jy0126), [weaponized news outlets](https://www.kcl.ac.uk/policy-institute/assets/weaponising-news.pdf), and [information laundering via Telegram](https://stratcomcoe.org/publications/information-laundering-in-the-nordic-baltic-region/26). Narrative laundering—the technique of transferring a specific narrative from its state-run origins into the broader media ecosystem through aligned publications, ""useful idiots,"" and possibly witting participants—is an ""active-measures"" tactic that has been adapted for the social-media era. Authoritarian think tanks operate much like their democratic counterparts—organizing public conferences and events, publishing research in academic journals and on their websites, and sharing analyses with media outlets. But the antiliberal and antidemocratic political systems to which these entities belong repress dissent and claim control over the discursive and ideational space.
    
- Third-party influence is also deployed through aligned diaspora members, dual nationals, or regional partners who act as surrogate messengers. The recent revelation concerning a US–Belgian citizen, who had not set foot in Rwanda since she left as a small child, being targeted by the Rwandan government, illustrated with shocking clarity the long reach of authoritarian regimes. Their cultural proximity makes their critiques of dissenters appear more credible and ""authentic"" to local audiences. [Post-Soviet oligarchs](https://acdatacollective.org/work/americas-cultural-institutions-are-quietly-fueled-by-russian-corruption/) connected to interference efforts have donated between $372 million and $435 million to more than 200 institutions, with the gifts appearing to follow two specific threads: establishing a potential toehold over policy decisions and so-called reputation laundering.
    

### Oligarchic Mercenary Companies

Oligarchic mercenary companies such as the Wagner Group represent a sophisticated evolution of state violence: a fusion of military coercion, commercial exploitation, and narrative warfare—all under the veil of deniability. These organizations function not as rogue actors but as extralegal arms of the regime, used to project power, maintain plausible deniability, and entrench influence across global theaters.

Though labeled a ""private military company"" (PMC), Wagner has [never operated independently](https://www.rferl.org/a/russia-paramilitary-mercenaries-emerge-from-the-shadows-syria-ukraine/28180321.html). Ex-GRU commander Dmitry Utkin founded the organization, which was effectively run by the Russian oligarch [Yevgeny Prigozhin](https://www.occrp.org/en/person-of-the-year/yevgeny-prigozhin), whose tight relationships with Russian intelligence and defense leaders have been extensively documented.

Investigations have revealed that Wagner operatives were trained at facilities adjacent to the GRU in Molkyno, and that Prigozhin maintained regular contact with senior figures, including [Defense Minister Sergei Shoigu](https://en.wikipedia.org/wiki/Sergei_Shoigu) and [GRU General Alexei Dyumin](https://www.reuters.com/world/europe/who-is-putin-ally-alexei-dyumin-2024-05-14/). Wagner's command structure thus lies within the orbit of Russian military intelligence, and its operational freedom depends on state protection.

Despite its nominal illegality—private military companies remain neither fully legal nor banned under Russian law—Wagner was heavily deployed by the Russian state in [Ukraine's occupied territories](https://www.info-res.org/post/mapping-the-media-landscape-in-ukraine-s-temporarily-occupied-territories), [Donbas and Bakhmut](https://www.osw.waw.pl/en/publikacje/osw-commentary/2023-04-28/popasna-to-bakhmut-wagner-group-russia-ukraine-war), [Sudan](https://www.cnn.com/2023/04/20/africa/wagner-sudan-russia-libya-intl), the [Central African Republic](https://en.wikipedia.org/w/index.php?title=Wagner_Group_activities_in_the_Central_African_Republic&oldid=1283221967), [Mali](https://www.reuters.com/world/africa/wagner-lost-veteran-fighters-mali-ambush-setback-russias-africa-campaign-2024-09-11/), and [Libya](https://www.hrw.org/news/2022/05/31/libya-russias-wagner-group-set-landmines-near-tripoli).

Wagner performed state-like functions in many regions: training foreign forces, managing VIP protection, conducting election influence campaigns, extracting resources (notably gold, oil, and rare minerals), and targeting journalists. In CAR alone, Wagner operatives have been implicated in [murders of investigative reporters](https://www.hrw.org/news/2020/08/10/murder-three-russian-journalists-should-not-go-unsolved), UN-targeted attacks, and [systematic extrajudicial executions](https://www.csis.org/analysis/massacres-executions-and-falsified-graves-wagner-groups-mounting-humanitarian-cost-mali).

The company also oversaw front entities, such as [AFRIC](https://www.state.gov/disarming-disinformation/yevgeniy-prigozhins-africa-wide-disinformation-campaign/) (Association for Free Research and International Cooperation) and Africa Back Office, which were tasked with developing and deploying influence strategies—combining military intimidation with politically driven propaganda, economic infiltration, and ethnographic manipulation. These units coordinated directly with Russia's Ministry of Foreign Affairs and Ministry of Defense, collapsing the public-private divide.

Oligarchic mercenary companies like Wagner operate in both the physical and cognitive planes, while helping a regime specifically avoid things like diplomatic recognition:

- Physically, they act as an [irregular army](https://www.youtube.com/watch?v=EMXnJMCoFYI), capable of force projection, regime protection, and deterrence.
    
- Cognitively, they [instill fear](https://www.codastory.com/disinformation/wagner-africa-disinformation-ukraine/), signal regime reach, suppress journalism, and provide ""muscle"" for hybrid influence campaigns.
    

Their utility lies in strategic ambiguity. Wagner can be activated globally without triggering formal war thresholds or diplomatic consequences. When caught, it is disavowed. When successful, it reshapes realities in favor of Russian interests—militarily, economically, and ideologically.

Even after the failed 2023 mutiny and the apparent death of Prigozhin, Wagner's model has persisted. Reports suggest that its activities are fragmented into [successor companies](https://web.archive.org/web/20241005150624/https://www.alsouria.net/%d8%b4%d8%b1%d9%83%d8%a9-%d8%a3%d9%85%d9%86%d9%8a%d8%a9-%d8%b1%d9%88%d8%b3%d9%8a%d8%a9-%d8%aa%d8%a4%d8%b3%d8%b3-%d9%81%d8%b1%d8%b9%d8%a7%d9%8b-%d9%84%d9%87%d8%a7-%d9%81%d9%8a-%d8%b3%d9%88%d8%b1%d9%8a/), such as RPOST-M LLC in Syria, which continue operations under new names while preserving structural continuity. This modular restructuring allows the Kremlin to maintain the strategic value of coercive proxy forces while diffusing liability and reasserting control.

In this way, oligarchic mercenary companies are not merely battlefield tools. They are command-and-control extensions of the regime itself, carrying out geopolitically sensitive missions that no formal institution could claim—and no adversary can easily counter. The [persistence of IO campaigns](https://cloud.google.com/blog/topics/threat-intelligence/io-campaigns-russian-prigozhin-persist) linked to Prigozhin after his death, and [Wagner's documented role](https://medium.com/dfrlab/minskmonitor-wagners-role-in-key-ukrainian-battle-revealed-95ee8ce133fe) in key Ukrainian battles, demonstrate the depth of state integration.

### Kinetic Military Action

While many command mechanisms are subtle or indirect, conventional military action remains a central pillar of military strategy. It is the most explicit tool of regime enforcement—used when narrative warfare, proxies, and diplomacy have failed or are insufficient.

- Historical examples such as the [1968 invasion of Czechoslovakia](https://history.state.gov/milestones/1961-1968/soviet-invasion-czechoslavkia) and the attempted [three-day takeover of Ukraine](https://www.iwm.org.uk/history/how-Putin-lost-in-10-days) in 2022 show that kinetic action is used to decapitate rival leadership, replace governments, or physically reassert strategic dominance.

These operations are choreographed to neutralize command nodes, control critical infrastructure, and prevent organized resistance. Although overt and high-risk, kinetic operations generate shockwaves across all planes; it is the only action that does so. But this comes at a high cost.

### Extrajudicial Killings

Extrajudicial killings are among the most chilling instruments of command and control. These are precision assassinations of defectors, dissidents, journalists, intelligence insiders, or anyone who has seen or known too much. These killings often take place well beyond the regime's territorial borders. Their aim is both tactical and psychological.

These acts are deliberately narrow in scope but enormous in symbolic weight. A single hit, staged so that attribution is obvious but deniable, can have the impact of a thousand arrests. The assassinations of [Anna Politkovskaya](https://www.nytimes.com/2007/07/01/books/review/Meier-t.html) (shot outside her Moscow apartment in 2006), [Alexander Litvinenko](https://www.nytimes.com/2006/12/03/world/europe/03iht-spy.3760139.html) (poisoned with polonium-210 in London, 2006), and Sergei Skripal (targeted with Novichok nerve agent in the UK, 2018) are a few examples. In each case, someone was challenging the regime's ability to dictate the truth.

These operations are covert in planning and conspicuous in effect. Exotic poisons, symbolic timing, and signature methods are not accidents—they are semiotic. Politkovskaya was murdered on Putin's birthday. The nerve agent used against Skripal could only have come from Russia. The goal is not merely to kill, but to choreograph fear.

Functionally, extrajudicial killings operate across three planes:

- _Physical_: eliminating strategic threats.
- _Cognitive_: sowing fear and uncertainty.
- _Relational_: signaling betrayal carries irrevocable cost.

The message is consistent: ""No one is beyond reach. Loyalty is permanent. Betrayal is fatal."" These killings serve not only to erase individuals but to extinguish information, fracture opposition, and dissuade defection. The [Skripal disinformation campaign](https://www.bbc.com/news/world-europe-45454142), the [official Litvinenko inquiry](https://assets.publishing.service.gov.uk/media/5a8055c340f0b62302692e48/The-Litvinenko-Inquiry-H-C-695-web.pdf), and [profiles of murdered spies](https://www.bbc.com/news/uk-19647226) document the pattern. In modern command architecture, extrajudicial assassination is enforcement, narrative control, and elite discipline—made lethal by design.

## Discussion

Command and control is not a doctrine of constant direction but a condition of organized obedience. It describes how power moves through systems—how the regime maintains coherence across actors who may never receive explicit orders—some may even partake in the structure without understanding who their work ultimately serves.

Coordination replaces command; expectation replaces instruction. The objective is not simply to issue directives but to create an environment in which the correct decisions are made automatically. Control functions through habit and hierarchy. Intelligence services interpret, rather than invent, the regime's will. Media internalize the boundaries of the permissible and calibrate their content accordingly. Oligarchs anticipate the preferences of power when allocating funding or acquiring assets. Military and paramilitary structures are synchronized not through continual supervision but through shared incentives and ideological framing. Each domain reflects a single logic: to act as though the center were always watching.

The efficiency of command and control lies in its ability to distribute responsibility without diluting authority. It allows for both discipline and deniability—discipline because outcomes remain predictable, deniability because no one actor can be traced as the explicit origin of direction. In practice, it fuses bureaucratic control with informal patronage, ensuring that every lever of power—legal, informational, and coercive—responds to the same gravitational pull.

### Command and Control ≠ Centralization

Command and control is often mistaken for centralization, but the two are not synonymous. Centralization concentrates power in a single node; command and control diffuses it through calibrated networks that can act semi-independently while remaining ideologically synchronized. The regime does not need to issue a command for compliance to occur. It governs through alignment—by defining the parameters of loyalty and risk so precisely that even autonomous actors reinforce central priorities.

This is why hybrid regimes appear chaotic but remain coherent: they tolerate rhetorical pluralism and operational improvisation, yet every deviation occurs within a range that sustains the system's stability. The appearance of spontaneity conceals structured conformity.

### Informational Feedback Loops

The command structure depends on information flow as much as on discipline. Intelligence agencies, media systems, and diplomatic networks create feedback loops that inform the regime's perception of reality. Yet these loops are fragile, distorted by the very obedience they cultivate. Reports are filtered to confirm expectations; state media reflect only what superiors wish to see. The system becomes both omniscient and blind—possessing enormous data collection capacity but minimal epistemic diversity.

This self-reinforcing cycle of perception and action produces a closed cognitive environment. Decisions are justified by the information the system itself generates, and dissenting data are reclassified as a threat. The result is stability without correction—an architecture that functions smoothly until it fails catastrophically.","Command and Control refers to the mechanisms and structures that establish authority, trust, and decision-making power","'- **Diplomatic Theater**: Diplomatic channels, whether formal or informal, are commonly presented as tools for negotiation, coordination, and cooperation between states. In practice, they are frequently repurposed as stages for political theater. Treaties, memoranda, and joint statements often contain deliberately vague language, such as references to “military cooperation” or “technical assistance,” not to clarify intent but to preserve narrative flexibility. This ambiguity allows regimes to later reinterpret or weaponize diplomatic language to justify escalation, intervention, or denial.

These channels operate less as mechanisms of problem-solving and more as performance spaces that span legal, political, and cultural domains. Through carefully staged engagements, regimes shape perception, cultivate influence among elites, and construct a veneer of legitimacy for future actions. Diplomacy, in this context, is not primarily about agreement, but about being seen as reasonable, restrained, and wronged.

International forums, press conferences, and formal meetings are repeatedly used as theatrical megaphones for state narratives. False or misleading claims delivered in these settings gain power from the institutional legitimacy of the platform itself. Russia’s repeated use of nonproliferation meetings to advance false allegations about biological weapons programs in Ukraine, or its invitation of disinformation-promoting bloggers to speak at the United Nations, illustrate how diplomatic venues are used to stage credibility rather than establish truth.

This theatrical use of diplomacy relies on performance conventions. Officials adopt the language of civility and procedural seriousness while leveling extreme accusations, rehearsing victimhood, and accusing adversaries of the very actions the regime itself is engaged in. The performances are often lengthy, repetitive, and intentionally exhausting, designed to flood the information space, generate quotable material for state media, and force opponents into reactive postures.

Bad-faith demands for dialogue or evidence are integral to the performance. Engagement is framed as validation, while refusal is presented as proof of adversary hostility or guilt. This “sealioning” dynamic transforms diplomacy into a trap: participation sustains the spectacle, while nonparticipation becomes part of the narrative.

The cumulative effect is the conversion of diplomatic infrastructure into a propaganda stage. By exploiting the rituals and legitimacy of diplomacy, regimes normalize their framing, invert aggressor–victim dynamics, and create false equivalence between verified conduct and fabricated accusations. Diplomacy becomes less a channel for resolving conflict and more a theater for sustaining it., - **Overt State Media**: Overt State Media refers to government-controlled communication outlets that openly disseminate information, often serving as tools for propaganda and disinformation campaigns to shape public perception and advance state interests. Historically exemplified by Soviet outlets such as Pravda, TASS, and Radio Moscow, these media channels have regularly promoted false or misleading narratives—such as claims that the United States sought control of the Falkland Islands—to influence domestic and international audiences., - **Ideological Center**: The regime sits at the center of command and control, not just as leadership, but as infrastructure. It links political authority, intelligence services, military institutions, and oligarch-aligned capital into a system that governs through coordination more than command. In hybrid influence systems, the regime is less a person or office than a network: overlapping elites, coercive actors, and shared goals that outlast any individual.
Its role is not symbolic. It sets parameters for acceptable speech, assigns threat value, selects targets, and distributes both force and narrative. That influence is exerted through ministries, informal councils, and patronage networks alike. What matters is not the form but the function: shaping tempo, synchronizing action, and keeping other instruments aligned.
The regime does not need to speak for its priorities to register. They show up in state media headlines, in the timing of arrests, in the silences that follow unexplained deaths. Without that central structure, the rest of the system fragments. With it, disparate actions take on the shape of strategy.
- The Kremlin’s Vertical of Power (Russia, 2000–present): Vladimir Putin’s consolidation of the siloviki (security elites) illustrates regime-as-infrastructure. Senior figures circulate between intelligence agencies, state corporations, and ministries, maintaining coordination through personal loyalty and shared enrichment. The Presidential Administration acts as a nerve center linking propaganda (RT, TASS), intelligence (FSB, SVR, GRU), and oligarchic finance (Rosneft, Gazprom, VTB). The result is not command by decree but synchronized reaction—media, diplomacy, and paramilitary activity aligning automatically to regime priorities.
- The Chinese Party-State (CCP under Xi Jinping): The Leading Small Groups (领导小组) system institutionalizes coordination across ministries and sectors. These cross-cutting committees link propaganda, cyber governance, foreign affairs, and military modernization under direct Party supervision. The Central Cyberspace Affairs Commission, chaired by Xi, exemplifies this blending of political, technical, and ideological authority—ensuring that online discourse, tech policy, and security operations move in lockstep.
- Iran’s Deep State (IRGC and Clerical Oversight): Iran’s Islamic Revolutionary Guard Corps operates as both a military entity and an economic-political conglomerate, controlling construction, telecommunications, and media through front companies. It coordinates coercion, patronage, and information operations on behalf of the Supreme Leader, binding formal governance to informal control networks.
- North Korea’s “Monolithic Ideological System”: The Organization and Guidance Department functions as the regime’s internal control grid—supervising the military, Party, media, and even cultural life. It ensures that all institutions echo central messaging without requiring constant top-down orders.
- Post-Soviet Hybrid Coordination (Belarus and Serbia): Belarus under Lukashenko and Serbia under Vučić both demonstrate how regimes synchronize state institutions and business oligarchs through informal councils. Key media outlets receive privileged access and funding in exchange for editorial compliance, while security services coordinate with pro-regime business networks to manage dissent and elections. The effect is systemic alignment without visible repression.
- Turkey’s “Coordination Councils” and Crony Networks: Erdoğan’s use of the Presidency of Communications and the Wealth Fund mirrors a soft form of command-and-control—consolidating narrative power, financial leverage, and security coordination under a single executive umbrella, while maintaining the appearance of pluralism through party and business intermediaries.
These examples reveal the regime not as a solitary ruler but as a synchronized ecosystem of elites, agencies, and institutions—governing through alignment rather than instruction, where shared incentives and enforced loyalty replace formal hierarchy., - **Kinetic Military Action**: While many command mechanisms are subtle or indirect, conventional military action remains a central pillar of military strategy. It is the most explicit tool of regime enforcement—used when narrative warfare, proxies, and diplomacy have failed or are insufficient.
Historical examples such as the 1968 invasion of Czechoslovakia and the attempted three-day takeover of Ukraine in 2022 show that kinetic action is used to decapitate rival leadership, replace governments, or physically reassert strategic dominance [81,82]. These operations are choreographed to neutralize command nodes, control critical infrastructure, and prevent organized resistance.
Although overt and high-risk, kinetic operations generate shockwaves across all planes; it is the only action that does so. But this comes at a high cost., - **Intelligence Operations**: Domestic intelligence operations are activities conducted by a state’s security or intelligence agencies within its own borders. These operations may include surveillance, infiltration, information control, and the monitoring of dissidents or opposition groups to maintain regime stability and suppress internal threats., - **Information Denial**: Covers deliberate suppression or blocking of factual reporting (banning foreign correspondents, jamming satellite signals). Distinct from Obfuscation because it removes access entirely rather than disguising the origin., - **Proxy Governance**: Refers to installing or managing surrogate authorities in occupied or dependent territories (seen in Donetsk/Luhansk or Abkhazia). Fills the gap between kinetic action and long-term regime coordination., - **Group Infiltration**: A covert mechanism in which operatives or aligned actors penetrate political organizations to manipulate internal processes, influence policy direction, or gain access to sensitive information. Infiltration may occur through membership recruitment, campaign financing, advisory roles, or cultivation of personal ties within leadership structures.

Its purpose is to redirect organizational agendas, co-opt legitimate actors, and neutralize opposition from within. Political party infiltration erodes democratic integrity and enables sustained manipulation under the appearance of lawful participation, functioning as a long-term strategy for destabilization and covert control., - **Rule Imposition**: Rule Imposition is the use of coercive leverage to embed externally defined political or security constraints into a target state’s legal or constitutional framework, converting temporary pressure into durable, self-enforcing compliance.","Command and control in authoritarian systems is not confined to military
hierarchies or emergency protocols. It extends through institutions
often treated as distinct—intelligence, media, diplomacy, and private
enterprise—that, in practice, function as interdependent components of a
single influence architecture. The instruments vary, but the outcome is
consistent: centralized decision-making, managed perception, and the
suppression of alternatives.

This section outlines the core components of that architecture. It
begins with the regime itself—not as a solitary ruler or party
apparatus, but as a network of coercive institutions, loyal elites, and
doctrinal imperatives. From there, it traces how control is
operationalized through intelligence services, diplomatic channels,
state and oligarchic media, and proxy economic networks. It also
examines the deliberate targeting of journalists, researchers, and other
information-gathering actors—both domestically and abroad—not only to
punish dissent but to prevent the production of conflicting knowledge.

These instruments do not operate in isolation. They reinforce one
another. Intelligence agencies shape the narratives that state media
promotes. Diplomats echo talking points seeded by front organizations.
Mercenary companies project force while masking the chain of command.
The structure is modular by design, built for flexibility, redundancy,
and plausible deniability.

What emerges is not a singular doctrine but a reproducible pattern:
systems of control engineered to thrive under ambiguity, to blur the
line between policy and propaganda, and to render opposition not only
dangerous but difficult to discern.

## Mechanisms

Command and Control operates through multiple mechanisms that
consolidate control, remove independent sources of interpretation or
resistance, and structure the information environment. Browse the
mechanisms below:

::: {#related-mechanisms}
:::

## Discussion

Command and control is not a doctrine of constant direction but a
condition of organized obedience. It describes how power moves through
systems—how the regime maintains coherence across actors who may never
receive explicit orders—some may even partake in the structure without
understanding who their work ultimately serves.

Coordination replaces command; expectation replaces instruction. The
objective is not simply to issue directives but to create an environment
in which the correct decisions are made automatically. Control functions
through habit and hierarchy. Intelligence services interpret, rather
than invent, the regime's will. Media internalize the boundaries of the
permissible and calibrate their content accordingly. Oligarchs
anticipate the preferences of power when allocating funding or acquiring
assets. Military and paramilitary structures are synchronized not
through continual supervision but through shared incentives and
ideological framing. Each domain reflects a single logic: to act as
though the center were always watching.

The efficiency of command and control lies in its ability to distribute
responsibility without diluting authority. It allows for both discipline
and deniability—discipline because outcomes remain predictable,
deniability because no one actor can be traced as the explicit origin of
direction. In practice, it fuses bureaucratic control with informal
patronage, ensuring that every lever of power—legal, informational, and
coercive—responds to the same gravitational pull.

### Command and Control ≠ Centralization

Command and control is often mistaken for centralization, but the two
are not synonymous. Centralization concentrates power in a single node;
command and control diffuses it through calibrated networks that can act
semi-independently while remaining ideologically synchronized. The
regime does not need to issue a command for compliance to occur. It
governs through alignment—by defining the parameters of loyalty and risk
so precisely that even autonomous actors reinforce central priorities.

This is why hybrid regimes appear chaotic but remain coherent: they
tolerate rhetorical pluralism and operational improvisation, yet every
deviation occurs within a range that sustains the system's stability.
The appearance of spontaneity conceals structured conformity.

### Informational Feedback Loops

The command structure depends on information flow as much as on
discipline. Intelligence agencies, media systems, and diplomatic
networks create feedback loops that inform the regime's perception of
reality. Yet these loops are fragile, distorted by the very obedience
they cultivate. Reports are filtered to confirm expectations; state
media reflect only what superiors wish to see. The system becomes both
omniscient and blind—possessing enormous data collection capacity but
minimal epistemic diversity.

This self-reinforcing cycle of perception and action produces a closed
cognitive environment. Decisions are justified by the information the
system itself generates, and dissenting data are reclassified as a
threat. The result is stability without correction—an architecture that
functions smoothly until it fails catastrophically."
Legitimation,15,"Awards and Philanthropy,Irrelevant Experts,Public Petitions and Polls,Publication Partnerships,State-Backed Activism,Academic Initiatives,Intellectual Capture,Cultural Initiatives,Educational Travel Programs,Testimony,Coopting Language,Prestige Signaling,Systematic Alignment,Clone or Mimic Authentic Sources,Cultural Heritage Exploitation","Legitimation is the strategic function through which regimes manufacture the appearance of authenticity, consensus, and moral credibility for their narratives and actions. Unlike brute force or overt censorship, legitimation cloaks manipulation in the garments of trust—academia, civil society, science, culture, and grassroots activism. It transforms propaganda from an act of coercion into one of persuasion, making ideology seem organic rather than imposed. In essence, legitimation ""launders"" intent: embedding regime interests within familiar and seemingly independent institutions so that hostile narratives gain a sheen of credibility. This stands in contrast to the Command and Control function of influence (see Command and Control chapter), which is about synchronization and dominance; legitimation, instead, is about credibility and consent. It leverages cultural soft power, epistemic authority, and moral language to stabilize influence efforts, create echo chambers of support, and undermine critical resistance. By weaponizing reputable platforms and voices, legitimation makes state-sponsored narratives appear normal, popular, or expert-endorsed rather than driven by a regime.

Many of these methods were first institutionalized by the Soviet Union through [KGB Active Measures](https://apps.dtic.mil/sti/tr/pdf/ADA154744.pdf) (Directorate A) and the [International Department of the Communist Party](https://www.cia.gov/readingroom/docs/CIA-RDP78-02646R000600220001-7.pdf). They have not vanished—they have migrated, adapted, and reappeared across modern authoritarian regimes under new guises, from ""multipolarity"" to ""sovereign democracy."" Today's authoritarian states build on that legacy with updated technologies and global reach, but the underlying goal remains the same: launder official narratives through seemingly independent channels. This creates an ecosystem of front organizations, sympathetic voices, and pseudo-independent initiatives that together sustain a disinformation architecture. Legitimation functions as the backbone of this architecture, continually supplying each campaign with signs and symbols of credibility and legitimacy.

Legitimation is an operational layer of influence, not merely a rhetorical style. It provides the credibility infrastructure that other influence functions rely on. A regime can flood social media with fake accounts (Obfuscation) or command proxies to amplify messages (Operational Multipliers), but without some veneer of legitimacy, these messages won't stick. Legitimation efforts inject that veneer: planting stories in respected journals, having sympathetic ""experts"" echo talking points on news panels, or sponsoring cultural events that align the regime with shared humanistic values. In so doing, legitimation blurs the line between genuine civic discourse and state-driven messaging. As later sections will show, this involves a wide range of tactics—from state-backed activist fronts to scientific mimicry—all converging on the same objective: make the state's preferred position look and feel credible.

Legitimation operates by mimicry and mirroring. Authoritarian influence agents often mimic the forms of legitimate democratic discourse (protests, petitions, scholarly research, philanthropic grants, awards ceremonies) while inverting their function. A youth festival or peace conference in an open society is a forum for genuine cultural exchange; a similar event funded by an authoritarian state is engineered to echo that state's worldview. By exploiting the openness of democratic systems—free press, academic freedom, pluralism of civil society—authoritarian actors effectively weaponize legitimate institutions against themselves. This creates complex attribution challenges, as many unwitting intermediaries (journalists, scholars, activists) may genuinely believe they are pursuing independent activities, not realizing they have been co-opted. As a result, responses to legitimation tactics require great care: blunt counter-measures risk harming innocent actors or undermining the very openness that disinformation campaigns exploit.

This section explores the varieties of legitimation tactics and examines how each one works. For each tactic, a historical or contemporary example has been included. The subsections highlight connections to other influence functions. Through these examples, the work of legitimation can be seen as an ecosystem of credibility that sustains information manipulation. This ecosystem is modular and resilient: if one ""asset""—say, a fake NGO or a covert influencer—is exposed, another can replace it, and the illusion of independent support often endures. Legitimation is thus not a peripheral embellishment to influence operations; it is central to their endurance and impact.","**State-Backed Activism** simulates grassroots mobilization to legitimize regime interests. Its purpose is to create the illusion of broad popular support for authoritarian policies or opposition to their adversaries. Through front groups, proxy NGOs, or inserted participants, regimes stage protests, peace movements, and digital campaigns that appear to arise from civil society while actually serving state direction. By obscuring their sponsorship, these movements transform coercion into what appears to be spontaneous civic will.

The Soviet-era World Peace Council exemplified this practice, organizing [anti-NATO demonstrations](https://apps.dtic.mil/sti/tr/pdf/ADA154744.pdf) while receiving [KGB funding and strategic guidance](https://www.cia.gov/readingroom/docs/CIA-RDP78-02646R000600220001-7.pdf). Modern versions include state-backed “anti-fascist” or “anti-colonial” collectives that frame authoritarian regimes as defenders of justice and sovereignty. [Russian disinformation in Africa](https://www.fpri.org/article/2023/08/russian-disinformation-in-africa-no-door-on-this-barn/) and the broader [anti-colonial narrative wave](https://www.rand.org/pubs/commentary/2024/09/russia-is-riding-an-anti-colonial-wave-across-africa.html) Russia has exploited demonstrate the ongoing relevance of these tactics. The tactic’s strength lies in its plausibility: movements appear organic, journalists mistake them for genuine activism, and observers misread state propaganda as citizen sentiment.

* A high-profile Soviet front group composed of 13 former NATO generals who advocated nuclear disarmament and the removal of U.S. troops from Europe. Though not overtly directed by the KGB, it was cultivated to appear as an independent voice of military authority questioning Western defense policy.
* Contemporary examples include [Navalny’s documentation](https://navalny.com/p/4228/) of Kremlin-backed youth movements and the [Night Wolves motorcycle club](https://www.rferl.org/a/bulgaria-night-wolves-russia-putin/32017720.html) in Bulgaria serving as a cultural front for Russian influence. Research has also documented [CCP influence in U.S. pro-Palestinian activism](https://extremism.gwu.edu/sites/g/files/zaxdzs5746/files/2025-07/CCP%20Influence%20in%20US%20Pro-Palestinian%20Activism.pdf).

---

**Awards and Philanthropy** serve as soft-power tools that confer legitimacy through prestigious associations. Authoritarian regimes use prizes, grants, and donations to cultivate favorable impressions among cultural elites, academic institutions, and civil society leaders. By sponsoring awards or endowing chairs at prominent universities, regimes create reputational capital that can later be leveraged to shape discourse or deflect criticism.

---

**Intellectual Capture** refers to the co-optation of academics, researchers, and public intellectuals who—wittingly or unwittingly—advance regime-aligned narratives. This may occur through direct funding, invitations to conferences, publication opportunities, or simple flattery. Once captured, these voices provide authoritative-sounding endorsements that can be cited by state media and used to dismiss critics as uninformed or biased.

---

**Malign Academic Initiatives** are educational programs, research institutes, or exchange programs designed to advance regime interests under the guise of scholarly activity. Examples include China’s [Friendship Medal](https://english.www.gov.cn/news/202409/30/content_WS66faa211c6d0868f4e8eb700.html) awarded to foreign scholars, and the network of [Syrian chemical weapons conspiracy theorists](https://web.archive.org/web/20211104125848/https://newlinesmag.com/argument/the-echo-chamber-of-syrian-chemical-weapons-conspiracy-theorists/) given academic platforms.

---

**Cultural Initiatives** use arts, sports, and entertainment to build soft power and normalize regime-aligned worldviews. Film festivals, museum exhibitions, and cultural exchanges can serve as vehicles for legitimation when they carry implicit or explicit political messaging. The goal is to associate the regime with positive cultural values while crowding out alternative voices.

---

**Petitions and Polling** are used to manufacture the appearance of popular consensus. By circulating petitions that collect thousands of signatures or commissioning polls that yield favorable results, regimes can claim democratic legitimacy for their positions—particularly when collection methods or polling methodologies remain opaque.

The history of [fake news networks](https://www.narratively.com/p/the-literally-unbelievable-story-of-the-original-fake-news-network) and the documented [history of U.S. overthrows](https://www.history.com/articles/us-overthrow-foreign-governments) of foreign governments provide context for how state actors across the spectrum have used information operations. The [1986 Chernobyl disinformation](https://www.kyivpost.com/post/6079) campaign demonstrates Soviet-era precedents.

---

**Scientific Mimicry** involves creating research outputs that imitate the form of legitimate science while serving propaganda purposes. This includes publishing in predatory journals, fabricating peer review networks, and flooding academic databases with low-quality studies that support regime narratives. The goal is to create a body of “evidence” that can be selectively cited to support false claims.

---

**Unqualified Experts** are individuals presented as authorities despite lacking relevant credentials or expertise. State media frequently features such figures to provide the appearance of expert endorsement for regime positions. Their lack of genuine expertise makes them more willing to say what the regime wants, while their titles provide a veneer of credibility. CIA analysis of [Soviet front organizations](https://www.cia.gov/readingroom/docs/CIA-RDP78-00915R000800190025-6.pdf) and FBI investigations into [Russian diplomatic cover operations](https://www.motherjones.com/politics/2013/10/fbi-investigating-yury-zaytsev-russian-diplomat-spy/) document these patterns.

---

**Publication Partnerships** involve arrangements with media outlets, publishers, or academic journals that provide platforms for regime-aligned content. These partnerships may be overt (state media) or covert (front publications that appear independent). [U.S. Treasury sanctions](https://home.treasury.gov/news/press-releases/jy0899) have targeted some of these networks. Heritage Foundation research from [1982 on Soviet propaganda](https://web.archive.org/web/20150224092259/http://s3.amazonaws.com/thf_media/1982/pdf/bg234.pdf) and CIA analysis of [Soviet covert propaganda operations](https://www.cia.gov/readingroom/docs/CIA-RDP86T00608R000200010006-4.pdf) document historical precedents.

---

**Artificial Volume** refers to the use of bots, troll farms, and coordinated networks to amplify regime-aligned messages. By creating the appearance of widespread support or outrage, these operations can shift public perception and influence algorithmic recommendation systems that privilege engagement over accuracy.

---

**Circular Citations** occur when regime-aligned sources cite one another to fabricate the appearance of independent verification. A claim may originate in state media, be echoed by a front organization, and then cited by an academically positioned actor—creating a false corroboration loop. The KGB’s AIDS disinformation campaign, [Operation Denver](https://thereader.mitpress.mit.edu/operation-denver-kgb-aids-disinformation-campaign/), exemplifies this pattern.

The [disinformation campaign against the White Helmets](https://www.bellingcat.com/news/mena/2018/12/18/chemical-weapons-and-absurdity-the-disinformation-campaign-against-the-white-helmets/) documented by Bellingcat shows how these techniques combine. RT UK amplified claims from figures such as [Vanessa Beeley](https://x.com/VanessaBeeley/status/790997477184897024), who [met with Russian Foreign Ministry officials](https://x.com/vanessabeeley/status/916945083768983552) while being presented as an independent journalist. The [OPCW investigation](https://www.opcw.org/media-centre/news/2019/03/opcw-issues-fact-finding-mission-report-chemical-weapons-use-allegation) confirmed chemical weapons use in Douma, contradicting those narratives.","Legitimation functions aim to establish credibility and support for the regime by creating the appearance of voluntary alignment, scholarly endorsement, and widespread consensus through cultural programs, front groups, awards, and manipulated discourse.","'- **Awards and Philanthropy**: Awards and philanthropy serve as tools to shape perceptions and extend influence by publicly recognizing individuals or organizations aligned with specific ideological or political agendas. These honors enhance credibility, foster loyalty, and propagate desired narratives, thereby reinforcing the awarding entity’s prestige and ideological objectives., - **Irrelevant Experts**: Individuals lacking subject-matter expertise or recognized credentials are promoted as authoritative commentators to legitimize regime-aligned narratives. By positioning these unqualified experts as independent analysts, information manipulation exploits their outsider status to foster contrarian credibility and undermine established consensus, thereby amplifying regime perspectives under the appearance of impartial analysis., - **Public Petitions and Polls**: Public petitions are organized campaigns, often orchestrated or amplified by Kremlin-affiliated entities, designed to simulate widespread public support for controversial policies or actions, such as territorial annexations or restrictive legislation targeting foreign influence., - **Publication Partnerships**: Circular citations occur when information is repeatedly propagated through multiple media outlets and organizational layers, each referencing the previous source, thereby creating a perceived consensus. This process relies on the repetition of unverified or fabricated claims—such as Soviet disinformation alleging U.S. biological weapons in Korea based on fake Chinese investigations—and amplifies their credibility by establishing an interconnected chain of sources that reinforce the narrative without independent verification., - **State-Backed Activism**: State-backed activism fabricates the appearance of independent civic mobilization to legitimize regime policies or discredit adversaries. Rather than issuing directives through overt state channels, regimes outsource moral authority to front groups, sympathetic NGOs, or manipulated grassroots movements that mimic authentic social activism. These operations borrow the language, aesthetics, and organizational forms of civil society—human rights campaigns, peace marches, environmental protests—to project bottom-up legitimacy for top-down objectives.
The tactic converts dissent into theater. Petitions, rallies, and social media campaigns appear spontaneous yet follow centrally defined scripts, often coordinated through state-funded cultural or “patriotic” organizations. Participants may be unaware of the orchestration, believing they are advancing moral or humanitarian causes while reinforcing state narratives about sovereignty, anti-colonialism, or traditional values.
Historically, the World Peace Council and similar Soviet fronts institutionalized this practice, using disarmament and solidarity language to launder geopolitical messaging. Contemporary successors include regime-aligned “anti-imperialist” networks, youth movements, and so-called peace coalitions that mobilize abroad to normalize repression or justify military aggression. The power of state-backed activism lies in its plausible authenticity: it reframes propaganda as public conscience and recasts state power as popular will, - **Academic Initiatives**: Malign Academic Initiatives refer to coordinated efforts by state-backed research institutions, such as the Soviet-era Institute for the Study of the USA and Canada, that produce pseudo-scholarly outputs aimed at discrediting Western democracy and capitalism. These initiatives manipulate academic credibility to influence public perception and undermine Western ideological frameworks., - **Intellectual Capture**: A form of influence in which an entity uses academic exchanges, such as joint conferences and invitations, to shape Western public narratives, exploiting scholars’ desire for access and prestige to subtly direct intellectual discourse and policy perspectives., - **Cultural Initiatives**: Regimes organize, fund, or co-opt artistic, educational, and cultural programs to project an image of refinement, openness, and shared human values while subtly embedding ideological cues. These initiatives operate through exhibitions, performances, exchanges, and collaborative projects that appear apolitical but quietly reinforce state narratives about identity, virtue, or destiny. By aligning themselves with the moral authority of art, scholarship, and heritage, regimes launder ideology through aesthetics, transforming political power into cultural legitimacy. The outcome is affective rather than coercive: admiration replaces suspicion, and cultural sophistication stands in for ethical standing. Over time, these gestures normalize the regime’s worldview and blur the boundary between appreciation of culture and acceptance of authority., - **Educational Travel Programs**: A soft-power mechanism that uses academic, cultural, or experiential travel to advance political or ideological influence abroad. These programs facilitate exposure to curated environments that reinforce specific narratives, values, or geopolitical alignments. While presented as educational or cultural exchange, they often serve dual purposes: shaping participants’ perceptions, cultivating long-term sympathizers, and embedding favorable viewpoints within foreign civil society or academic institutions.

Educational travel programs operate as projection instruments—they externalize domestic ideology, build personal networks of influence, and create emotionally bonded intermediaries who act as informal advocates or amplifiers upon return. By merging pedagogy with persuasion, these initiatives extend the sponsoring actor’s reach into foreign populations through ostensibly benign, non-state channels., - **Testimony**: A message amplification function in which participants in an operation, campaign, or event disseminate firsthand narratives to reinforce target messaging. Personal testimony serves as a credibility vehicle, transforming individual experience into collective persuasion. By framing curated or selective experiences as authentic accounts, report back strategies extend the influence cycle beyond the original event, creating secondary waves of reinforcement through public speaking, media engagement, and peer-to-peer communication. This approach fuses emotional resonance with ideological transmission, ensuring sustained message circulation and normalization within target audiences., - **Coopting Language**: Co-opting language refers to the strategic adoption or redefinition of terminology, slogans, and rhetorical frames associated with trusted institutions, social movements, or democratic discourse to legitimize an actor’s own agenda. Under the Legitimation function, it serves to appropriate the moral or cultural authority of established values—such as freedom, sovereignty, or human rights—while subtly altering their meaning to align with disinformation goals or regime narratives. This tactic manipulates linguistic familiarity to obscure intent, normalize false equivalencies, and blur distinctions between genuine and manufactured legitimacy., - **Prestige Signaling**: Use of international events (Olympics, summits, awards) to simulate acceptance and power. Complements “Awards and Philanthropy” but focuses on state-driven mega-events that legitimize rule through spectacle., - **Systematic Alignment**: A credibility-manufacturing technique in which networks of coordinated or semi-coordinated outlets, websites, and personas synchronize their messaging, terminology, and sourcing practices to simulate independent validation and organic consensus. This alignment manifests through multiple mechanisms: recursive backlinking in which sites repeatedly cite, hyperlink, or republish one another's material to fabricate inter-source corroboration; adoption of shared taxonomies, framing devices, and rhetorical structures that create the appearance of convergent expert judgment; and the near-simultaneous repetition of regime narratives across ostensibly unrelated platforms. The cumulative effect is the laundering of coordinated messaging into what appears to be emergent agreement among independent actors. Once established, these alignment patterns trigger spillover effects through search and aggregation algorithms, which interpret dense cross-referencing and terminological consistency as signals of reliability—elevating visibility and embedding manipulated content within mainstream discovery pathways., - **Clone or Mimic Authentic Sources**: The fabrication of outlets, personas, documents, or institutional presences that replicate the visual identity, credentials, editorial style, or formal conventions of trusted information sources to inherit their credibility. This mechanism spans multiple registers: doppelganger news websites that typosquat legitimate domains; synthetic expert personas impersonating doctors, scientists, or scholars with fabricated credentials; forged or manipulated scientific studies designed to simulate peer-reviewed authority; and fake think tank reports styled after established research institutions. The operational logic is credibility theft—exploiting audience trust in recognized sources, professional authority, or institutional rigor by appropriating their formal appearance. Content gains legitimacy not through authentic provenance or verification but through resemblance to forms audiences have learned to trust.
, - **Cultural Heritage Exploitation**: The creation, appropriation, destruction, or activation of cultural objects—monuments, memorials, archaeological materials, museum collections, and religious sites—to anchor propaganda narratives in tangible, emotionally resonant physical form. Unlike purely digital or textual disinformation, cultural heritage exploitation manufactures material ""evidence"" that appears to point to concrete places, times, and events, lending false claims the weight of historical fact. The mechanism operates across multiple dimensions: erecting new monuments that commemorate fabricated atrocities or glorify contested military operations; removing or vandalizing objects deemed antithetical to regime narratives; staging desecration of pro-regime memorials to generate pretexts for intervention; and appropriating archaeological artifacts to support territorial or historical claims. Physical monuments serve as vessels for collective memory and emotion—psychological research confirms that memorials externalize feelings and generate group sentiments—which regimes exploit to justify military action on grounds of moral obligation. The objects then multiply through digital reproduction: images circulate online as apparent documentation, exploiting information environments where users search for ""what really happened"" and interpret photographs of monuments as evidence of underlying reality. Cultural heritage exploitation is multi-institutional, coordinated across monument-production companies, military logistics, religious authorities, and local governance structures. Its temporal flexibility allows objects to be ""activated"" at strategically important moments—a monument erected years earlier can be invoked to justify current operations. The mechanism fuses the permanence and emotional weight of cultural heritage with the reach and velocity of digital dissemination, converting physical fabrications into globally circulating proof.","Legitimation is the strategic function through which regimes manufacture
the appearance of authenticity, consensus, and moral credibility for
their narratives and actions. Unlike brute force or overt censorship,
legitimation cloaks manipulation in the garments of trust—academia,
civil society, science, culture, and grassroots activism. It transforms
propaganda from an act of coercion into one of persuasion, making
ideology seem organic rather than imposed. In essence, legitimation
“launders” intent: embedding regime interests within familiar and
seemingly independent institutions so that hostile narratives gain a
sheen of credibility. This stands in contrast to the Command and Control
function of influence (see the Command and Control chapter), which is
about synchronization and dominance; legitimation, instead, is about
credibility and consent. It leverages cultural soft power, epistemic
authority, and moral language to stabilize influence efforts, create
echo chambers of support, and undermine critical resistance. By
weaponizing reputable platforms and voices, legitimation makes
state-sponsored narratives appear normal, popular, or expert-endorsed
rather than driven by a regime.

Many of these methods were first institutionalized by the Soviet Union
through KGB Active Measures (Directorate A) and the International
Department of the Communist Party.[@rid2020; @andrew2000] They have not
vanished—they have migrated, adapted, and reappeared across modern
authoritarian regimes under new guises, from “multipolarity” to
“sovereign democracy.” Today’s authoritarian states build on that legacy
with updated technologies and global reach, but the underlying goal
remains the same: launder official narratives through seemingly
independent channels. This creates an ecosystem of front organizations,
sympathetic voices, and pseudo-independent initiatives that together
sustain a disinformation architecture. Legitimation functions as the
backbone of this architecture, continually supplying each campaign with
signs and symbols of credibility and legitimacy.

Legitimation is an operational layer of influence, not merely a
rhetorical style. It provides the credibility infrastructure that other
influence functions rely on. A regime can flood social media with fake
accounts (Obfuscation) or command proxies to amplify messages
(Operational Multipliers), but without some veneer of legitimacy, these
messages won’t stick. Legitimation efforts inject that veneer: planting
stories in respected journals, having sympathetic “experts” echo talking
points on news panels, or sponsoring cultural events that align the
regime with shared humanistic values. In so doing, legitimation blurs
the line between genuine civic discourse and state-driven messaging. As
later sections will show, this involves a wide range of tactics—from
state-backed activist fronts to scientific mimicry—all converging on the
same objective: make the state’s preferred position look and feel
credible.

Legitimation operates by mimicry and mirroring. Authoritarian influence
agents often mimic the forms of legitimate democratic discourse
(protests, petitions, scholarly research, philanthropic grants, awards
ceremonies) while inverting their function. A youth festival or peace
conference in an open society is a forum for genuine cultural exchange;
a similar event funded by an authoritarian state is engineered to echo
that state’s worldview. By exploiting the openness of democratic
systems—free press, academic freedom, pluralism of civil
society—authoritarian actors effectively weaponize legitimate
institutions against themselves. This creates complex attribution
challenges, as many unwitting intermediaries (journalists, scholars,
activists) may genuinely believe they are pursuing independent
activities, not realizing they have been co-opted. As a result,
responses to legitimation tactics require great care: blunt
countermeasures risk harming innocent actors or undermining the very
openness that disinformation campaigns exploit.

This section explores the varieties of legitimation tactics and examines
how each one works. For each tactic, a historical or contemporary
example has been included. The subsections highlight connections to
other influence functions. Through these examples, the work of
legitimation can be considered an ecosystem of credibility that sustains
information manipulation. This ecosystem is modular and resilient: if
one “asset”—say, a fake NGO or a covert influencer—is exposed, another
can replace it, and the illusion of independent support often endures.
Legitimation is thus not a peripheral embellishment to influence
operations; it is central to their endurance and impact.

# Varieties {#varieties}

## State-Backed Activism {#state-backed-activism}

State-backed activism simulates grassroots mobilization to legitimize
regime interests. Its purpose is to create the illusion of broad popular
support for authoritarian policies or opposition to their adversaries.
Through front groups, proxy NGOs, or inserted participants, regimes
stage protests, peace movements, and digital campaigns that appear to
arise from civil society while actually serving state direction. By
obscuring their sponsorship, these movements transform coercion into
what appears to be spontaneous civic will.

The Soviet-era World Peace Council exemplified this practice, organizing
anti-NATO demonstrations while receiving KGB funding and strategic
guidance.[@alexiev1985; @the1971] Modern versions include state-backed
“anti-fascist” or “anti-colonial” collectives that frame authoritarian
regimes as defenders of justice and sovereignty.[@page2025;
@whitman2023; @young2024] The tactic’s strength lies in its
plausibility: movements appear organic, journalists mistake them for
genuine activism, and observers misread state propaganda as citizen
sentiment.

-   A high-profile Soviet front group composed of 13 former NATO
    generals who advocated nuclear disarmament and the removal of U.S.
    troops from Europe. Though not overtly directed by the KGB, it was
    created and funded by the World Peace Council (WPC), a known Soviet
    front [@the1971].

-   Presenting themselves as a patriotic biker group, the Night Wolves
    received over a million dollars in donations over several years,
    starting in 2014.[@navalny2015; @shikerova2022] Their goal was to
    promote secessionist movements and anti-Western sentiments in
    Europe.

Contemporary evidence of such malign influence continues to
surface[@baker2025] Responding effectively requires precision:
participants may act sincerely, unaware of manipulation. Treating them
as conscious collaborators risks validating the adversary’s framing of
repression. Yet inaction allows the deception to persist. A calibrated
approach—exposing coordination while distinguishing genuine activism
from instrumentalization—denies authoritarian regimes both martyrdom and
invisibility.

Education remains the most potent countermeasure. Once sincere movements
realize that foreign backing almost always destroys credibility, they
self-isolate from manipulation. Coalitions fracture, funding evaporates,
and reputations collapse when covert sponsorship becomes public. History
shows that foreign alignment seldom advances activist goals—it corrodes
them.

## Awards and Philanthropy {#awards-and-philanthropy}

Authoritarian regimes use awards, grants, and philanthropic gestures to
recruit sympathizers and validate aligned voices.[@bader2025;
@huang2019; @lien2023; @kiseleva2015; @mkinen2016; @china2024] By
bestowing honors upon journalists, academics, clerics, or politicians,
they create an aura of moral or intellectual legitimacy that strengthens
narrative alignment.

These honors serve three overlapping functions: elevating aligned
figures by rewarding conformity with prestige, laundering regime
narratives through seemingly independent institutions, and cultivating
dependency by offering access, recognition, or material benefit.

-   The Serena Shim Award, for instance, was presented to former
    employees of Russian state media outlets to portray them as
    courageous truth-tellers.[@whitaker2021]

-   In 2016, the Kremlin financed the “Dialogue of Nations” conference,
    convening global secessionist movements—from Texas to Catalonia—to
    foster anti-Western solidarity under the banner of
    self-determination.[@mirovalev2016; @reigstad2016]

Awards function as a moral laundering mechanism: they convert propaganda
into philanthropy. The recipients become willing conduits, repeating
state-approved narratives as the price of continued recognition.

## Intellectual Capture {#intellectual-capture}

Intellectual capture refers to the selective co-optation of foreign
academics, think tank experts, journalists, or intellectual gatekeepers
through incentives such as access, visibility, or institutional
collaboration. Unlike overt propaganda or espionage, this is not about
recruiting operatives but cultivating sympathizers or leveraging
existing contrarians.

Through speaking invitations, co-authored research, participation in
exclusive roundtables, travel, public praise, or privileged access to
archives and policymakers, regimes can shape how their narratives are
framed in foreign discourse without dictating the message.

Unlike malign academic initiatives, which originate within adversarial
regimes and are designed to appear scholarly while promoting propaganda,
intellectual capture is a flexible, opportunistic strategy. It occurs on
a case-by-case basis, targeting individuals who already straddle the
boundary between criticizing democratic institutions and being receptive
to counter-narratives.

The regime need not overtly direct their work; normalization is enough.
If a foreign academic describes Russia’s invasion of Ukraine as a
“security response to NATO encroachment” or attributes public protests
in Belarus solely to CIA meddling, the effect is achieved. The regime’s
message reaches mainstream discussions through a voice that prompts
people to consider it more seriously. Critically, many of these claims
work because they are rooted in past errors.[@snow2020; @little2022] It
speaks to the gravity of decisions we make today.

What makes intellectual capture effective is the perceived, and
sometimes real, independence. Scholars do not need to endorse
authoritarian policies explicitly; simply reframing a debate in terms
favorable to the regime (“Russophobia,” “civilizational struggle,”
“Western double standards”) can distort public
understanding.[@stradner2022; @post2024] These frameworks are subtle
shifts in emphasis, terminology, and interpretation. They become much
more resilient once they appear in otherwise reputable journals, panels,
or think tanks, as these become the sources cited by journalists and
reporters.

Access is both the carrot and the filter. Regimes grant selected
scholars access to officials, databases, or leaks that cannot be
verified elsewhere, effectively gating strategic insight behind
narrative compliance. Participation in groups, such as the Valdai
Discussion Club or the Eurasian Economic Forum, becomes a reward
structure for ideological accommodation.[@kamyshanskaya2021; @cia1955;
@redden2013; @ref2024] Those who deviate are quietly excluded, denied
visas, or de-platformed in partner institutions.

The outcome is not silencing dissent but the soft sanitization of
critique. In this ecosystem, to point out that a study’s conclusions
echo a regime’s propaganda line becomes “Russophobia.” Questioning the
legitimacy of data from an authoritarian government-linked institute is
perceived as “biased.” Accountability itself is reframed as intolerance
or hypocrisy. The line between analysis and alignment dissolves,
replaced by a fog of intellectual ambiguity in which authoritarian
narratives overtake reality-based content under the guise of concern for
balance and fairness.

## Malign Academic Initiatives {#malign-academic-initiatives}

Malign academic initiatives are state-funded institutions that simulate
scholarship while producing ideologically predetermined conclusions.
Unlike intellectual capture, which co-opts external experts, these
initiatives originate within the regime itself. Their function is to
convert propaganda into research—to clothe ideology in academic form.

Soviet precedent is instructive. The Institute for the Study of the USA
and Canada produced Cold War “research” framing racial inequality and
capitalism as fatal flaws of liberal democracy.[@mcneill1982] Its modern
analogues—spanning Russia, China, and Iran—issue white papers, host
conferences, and produce data designed to delegitimize the liberal
order. They mimic the aesthetics of academia—ISSNs, editorial boards,
peer-review façades—but begin with answers, not questions.[@cia1955]

-   In Russia, state-affiliated think tanks within the Russian Academy
    of Sciences publish reports that recast repression as national
    security and democracy assistance as subversion . Their authors hold
    formal doctorates and security credentials, giving political
    messaging an aura of analytic depth.[@cia1975]

-   China’s think tanks, such as the Chinese Academy of Social Sciences
    (CASS), propagate slogans like “democracy that works” and “Community
    of Common Destiny for Mankind,” framing one-party rule as modern
    governance.[@sleeboomfaulkner2007; @chen2021] Iran’s Islamic
    Propaganda Organization employs similar techniques, producing
    “academic” reports on Western moral decline that later reappear in
    state-aligned media as independent research.

Both Russia’s warfare concept and China’s “discourse power” theory
identify pseudo-academic justification as a core element of information
warfare. The KGB’s Operation Denver, which fabricated scientific
“evidence” that the Pentagon created HIV/AIDS, was a
prototype.[@selvage2019; @selvage2021; @kramer2020] The same pattern
persisted in efforts to dispute chemical attacks in
Syria.[@whitaker2021; @team2018]

Once published, such “research” enters a feedback loop. State media cite
it as third-party validation; officials quote the media; international
commentators then repeat both, constructing a synthetic consensus.
Authors are rewarded with promotion, visibility, and
protection.[@rtuknews2017; @vanessabeeley2018; @vanessabeeley2017;
@kovalik2024] When reprinted abroad—sometimes stripped of
attribution—their falsehoods circulate as legitimate
references.[@alex2020; @team2018; @douma2018; @whitaker2021]

This is not research—it is the weaponization of its appearance. By
simulating epistemic authority, malign academic initiatives turn
credibility into a strategic asset.

## Cultural Initiatives {#cultural-initiatives}

Regimes organize, fund, or co-opt artistic, educational, and cultural
programs to project an image of sophistication, openness, and shared
human values while embedding ideological cues within seemingly
apolitical forms.[@cia1955; @soviet1954; @china2024] These
initiatives—festivals, exhibitions, exchanges, and performances—operate
as symbolic acts of persuasion, designed to make authoritarian systems
appear cultured and humane rather than coercive.

Their function is credibility laundering through culture: they borrow
the moral authority of art, scholarship, and heritage to confer
legitimacy on political power. The aim is affective, not
infrastructural—to influence perception rather than to establish
permanent presence. Once the event ends, the channel of influence
dissolves, but the impression of refinement and normalcy remains.

Unlike cultural infrastructure, which embeds personnel and funding
abroad to sustain long-term influence, cultural initiatives are
ephemeral and performative—short-duration displays that normalize
ideology through admiration rather than alignment. Over time, these
recurring gestures soften international resistance, attract sympathetic
elites, and transform propaganda into prestige, providing regimes with a
renewable source of moral and aesthetic legitimacy.

## Petitions and Polling {#petitions-and-polling}

State and state-linked actors exploit petition and polling systems in
open societies to insert authoritarian narratives into legitimate civic
processes. By mimicking participatory rituals—crowdsourced petitions,
citizen consultations, and public opinion surveys—they translate foreign
influence into the language of democracy, disguising strategic messaging
as expressions of local sentiment.

Petitions serve as the performative arm of this tactic. Regime-aligned
networks organize or amplify campaigns that appear grassroots but are
designed to simulate popular opposition or moral consensus around issues
that advance state interests. In 2022–2023, Russian and pro-Russian
groups promoted petitions such as *Stop Arming Ukraine* and *No to NATO
Expansion* across Europe and the United States. Circulated through
alternative media and sympathetic politicians, these campaigns were
later cited by Russian state outlets as proof of Western “war fatigue”
and “public opposition to escalation.” Similar operations surfaced in
Slovakia, Hungary, and Bulgaria, often through nationalist parties with
established Kremlin ties, creating the illusion of domestic resistance
to NATO and EU policy.

Polling functions as the quantitative counterpart—a data-driven façade
of legitimacy. Regime-linked firms or sympathetic consultants commission
surveys abroad to generate “evidence” that Western publics support
neutrality, oppose sanctions, or distrust allied institutions. These
results are then amplified by state media as authentic indicators of
global sentiment, closing the feedback loop between engineered data and
manufactured legitimacy.

China employs comparable methods through diaspora and front
organizations coordinated by the United Front Work Department, which
organize petitions and open letters opposing legislation on Uyghur
forced labor, TikTok restrictions, and Taiwan relations. Circulated
among student associations and business groups abroad, these initiatives
are later amplified by Chinese state outlets as proof that “overseas
Chinese communities reject Western anti-China hysteria.”

As Grauvogel and von Soest note, such practices exemplify *legitimation
through emulation*—the use of democratic procedures to validate
authoritarian claims of popular support.[@grauvogel2024] Once petitions
or polls enter legislative records, media coverage, or policy debates,
they acquire procedural legitimacy. State media then cite them as
“evidence” of democratic endorsement, creating a closed feedback system
of influence disguised as participation.

As Zaret observed in his study of early modern petitioning, the petition
once expanded democracy by converting private grievance into public
deliberation.[@zaret1996] In the contemporary information battlespace,
the same form has been repurposed as an instrument of projection—a
symbolic import from democracy used to launder authoritarian narratives
and legitimize their global reach.

## Scientific Mimicry {#scientific-mimicry}

Scientific mimicry involves producing or manipulating materials that
appear scientific to support regime interests. Forced studies, distorted
data, and pseudoscientific reports are presented in academic formats to
disguise propaganda as evidence-based analysis. This tactic leverages
public trust in scientific authority while undermining the integrity of
epistemic institutions.

Soviet examples include fabricated studies linking the U.S. to
biological warfare programs. More recently, Russian and Chinese outlets
have pushed false studies about Western biolabs, vaccines, efficacy, or
COVID-19 origins to sow distrust and shift blame. Scientific mimicry
turns epistemic legitimacy into a weapon.

## Unqualified Experts {#unqualified-experts}

Unqualified experts are individuals who are presented as authorities
despite lacking relevant credentials or institutional affiliations.
These figures act as surrogate analysts or commentators, echoing regime
positions on international platforms while portraying themselves as
independent voices.

Their appeal often lies in their outsider status—they appear to speak
truth to power, exploiting contrarian credibility. During the Soviet
era, such individuals were usually referred to as “peace researchers” or
“military specialists.” Today, similar figures appear in fringe outlets
or on social media, claiming geopolitical insight while subtly promoting
regime narratives.

## Publication Partnerships {#publication-partnerships}

Publication partnerships frequently operate as paid inserts,
content‑sharing deals, and white‑label pipelines that move state
messaging into mainstream venues. ⁠ Beyond traditional inserts, content
laundering pathways let pieces originating on RT.com be mirrored or
lightly reworked across hundreds of clone, aggregator, and pseudo‑local
sites before resurfacing in discourse as “neutral”
analysis.[@schafer2024]

-   Afrique Média TV signed cooperation accords with the Kremlin-linked
    groups AFRIC and COSI, both of which work with RT Africa; reporting
    by the Atlantic Council and others confirms the collaboration’s
    impact on Ukraine-war coverage and Moscow’s messaging in
    Africa.[@ratiu2024]
-   Global Research is a Canadian website intricately linked to Russia's
    disinformation and propaganda efforts, featuring a wide array of
    fringe authors and conspiracy theorists. This platform has
    collaborated with Russian and Chinese websites since the early
    2010s, providing a Western perspective that benefits the
    disinformation ecosystem.[@center2020]
-   ISW News, a pro-Iran outlet, publicly listed SouthFront as a partner
    on its archived homepage.

⁠⁠The appearance of cooperation conceals asymmetric influence: one side
seeks legitimacy, the other provides it. Over time, repetition of
regime-aligned narratives in otherwise credible venues erodes the line
between propaganda and expertise, and later corrections are easier to
frame as politicized. Studies of intermedia agenda‑setting and quotation
propagation show how state‑controlled outlets can nudge coverage
patterns across the wider information ecosystem, subtly shifting
salience and sentiment in downstream reporting.⁠

## Artificial Volume {#artificial-volume}

Artificial volume is the practice of flooding media ecosystems with
repetitive or near-identical content across multiple outlets, creating
the illusion of widespread consensus or high engagement. This saturation
technique is particularly effective in fragile media environments, where
repetition substitutes for credibility.

Through centralized coordination, authoritarian regimes publish cloned
articles, synchronized commentaries, and mass social media posts
reinforcing a message. The result is a distorted perception of reality
in which targeted ideas appear dominant, urgent, or popular—even if
entirely manufactured.

**Image**: <https://i.gyazo.com/f94cacf6a65b1452e21d6f6aa0cb4436.png>

**Untranslated**:
<https://i.gyazo.com/9f8467059b8f174453aee7ce79e75a5b.png>

**Caption**: Example of an assignment from Russia to influence citizens
in the United States.[@department2024]

## Circular Citations {#circular-citations}

Circular citation is a legitimizing loop in which regime-aligned claims
are recycled across a network of publications, analysts, or NGOs, each
citing the other without independent verification. This technique
generates false credibility by transforming isolated propaganda into an
apparent consensus.

A typical case involves one regime-linked outlet publishing a claim,
which is then referenced by a think tank or foreign commentator, and
cited by another outlet, eventually creating a well-sourced trail. The
original fabrication is concealed under layers of interlinked
affirmations.

# 

# Discussion {#discussion}

## Ambiguity and Reality

While legitimation techniques appear coordinated and multifaceted, they
do not result from a single doctrine or central command structure.
Instead, they operate through dispersed mechanisms, legacy institutions,
and adaptive experimentation. This decentralization has strategic
benefits but also introduces ambiguities that are important to
understand for anyone analyzing or countering these influence
operations.

-   *Plausible Deniability*: Disaggregation allows the state to shield
    itself from direct attribution. A media outlet in Serbia, an
    Orthodox NGO in Georgia, or an academic conference in Berlin can all
    push Kremlin-aligned messaging without explicit coordination. This
    “soft distance” complicates countermeasures and makes them more
    difficult to identify.

-   *Structural Legacy*: Many post-Soviet institutions, such as
    Rossotrudnichestvo, RT, and RIAC, evolved from different branches of
    Soviet influence work—ideological, cultural, and
    intelligence-linked. They retain distinct bureaucratic lineages, and
    full integration would undermine their institutional cover.

-   *Operational Redundancy*: Duplication across channels creates
    resiliency. If one front group is exposed, others continue without
    disruption. This mimicry of organic complexity prevents adversaries
    from easily dismantling it.

-   *Hybrid Warfare Doctrine:* In today’s “non-linear conflict”
    environment (adjacent to the Gerasimov Doctrine), distributed and
    self-adaptive operations are more survivable. Influence is meant to
    feel ambient, not imposed from above.

The result is not a master plan, but a modular ecosystem: a blend of
state-run, state-linked, and sympathetic actors operating in parallel,
often without formal coordination, but with a shared ideological DNA.

## Legitimation ≠ Legitimacy

It is essential to clarify that “legitimation” in this context is not
about gaining genuine domestic legitimacy or moral leadership in the
democratic sense. It is about engineering perception, especially
externally, through borrowed or falsified signals of authenticity.

-   It’s performance, not reality. Many legitimation tactics are not
    designed to change minds through argument but to mimic credible
    sources. This allows them to erode consensus.

-   It’s about creating doubt, not converting. The primary audience is
    often civil society or regulators. Creating “noise” makes it harder
    for watchdogs, journalists, or policymakers to know what is true.
    For those who have reason to delay action or deny harm, this
    environment makes that more palatable for the public..

-   It creates epistemic fatigue. By weaponizing indicators of
    credibility—flooding discourse with half-truths, dubious experts, or
    contradictory claims—regimes reduce a person’s ability to
    distinguish fact from framing.

In this sense, legitimation is not a path to political acceptance but a
smokescreen—a way to make contested ideas appear reasonable, grounded,
or grassroots.

## Not All Influence Is Covert—or Coherent

While many methods cataloged here are subtle or disguised, others are
overt—and intentionally so. For example, the Valdai Club hosts prominent
Western academics alongside Kremlin officials to create a visible
dialogue. This isn’t about hiding influence—it’s about normalizing it.
The behaviors, scenes, and signs found in democratic countries appear as
a show designed to ease the conscience of those who must deal with the
autocratic regime.

Not all initiatives are consistent, however. Some information
manipulation campaigns push mutually exclusive narratives (COVID-19 is
both a hoax and a U.S. bioweapon). This lack of coherence is not a flaw
but a feature. To draw a false conclusion would allow a person to act,
but drawing no conclusion creates a state of paralysis.

## Third-Country Fronts Obscure Russian Origins

Outsourcing legitimation to actors in Africa, Latin America, and certain
parts of Asia has been a staple in both the past and the present. This
creates a post-colonial optics inversion: critiques of the West come
from the Global South but are often fertilized with Kremlin narratives
or resources. This creates additional difficulty in attribution, and
legitimacy laundering appears more authentic when information
manipulation is localized in tone and origin.

## Informational Fog vs. Persuasive Clarity

One of the most counterintuitive features of legitimation is that its
goal is not always to be believed—it is often enough to be repeated.

-   A report doesn’t need to be credible—just circulated.
-   An expert doesn’t need credentials—just airtime.
-   A front group doesn’t need to be convincing—just visible.
-   A claim doesn’t need to be true—just repeated.

The purpose is not persuasive clarity but repeat appearances echoing the
same message. Through repetition and apparent experts, the appearance of
credibility leads an audience to translate it as credible."
Longevity,11,"Interlocking Leadership,Layered Network Design,Youth Targeting,Legal Support Networks,Rebranding,Distributed Resources,Decentralized Structure,Financial Distribution,Intergenerational Continuity,Structural Redundancy,Leveraging Organic Conspiracy Theories","Longevity is the endurance function of influence architecture—the capacity of a network to survive exposure, legal disruption, or leadership loss without losing coherence. While the other eight functions describe how influence operates, Longevity describes how it endures. It ensures that when front organizations are dissolved, sanctions are imposed, or platforms are banned, the architecture regenerates itself under new names, new branding, or new intermediaries. Longevity transforms short-term manipulation into a persistent ecosystem.
Authoritarian and hybrid actors achieve this by institutionalizing adaptability. The structure itself becomes modular and replaceable: leaders rotate but ideology persists; organizations collapse but funding reappears through new fiscal sponsors; websites vanish but content resurfaces on cloned domains. Longevity is not secrecy—it is continuity by design.
Longevity is the immune system of influence. It enables regimes and their proxies to survive cycles of exposure and reform, reconstituting themselves faster than oversight mechanisms can adapt. Where transparency creates accountability, longevity weaponizes opacity, redundancy, and time. The network does not merely persist—it evolves. Each dismantled front becomes a blueprint for the next, ensuring that the architecture of influence never truly dies; it simply changes its name.","**Longevity** refers to the structural capacity of influence networks to survive disruption, exposure, or legal action while maintaining operational continuity and strategic coherence. This endurance function ensures that influence architectures persist across cycles of accountability, adapting faster than oversight mechanisms can respond. Longevity transforms influence operations from temporary campaigns into self-regenerating ecosystems through:

- **Legal support networks**, which mobilize sympathetic lawyers, civil rights groups, and advocacy organizations to defend affiliates, challenge regulatory actions, and create procedural delays that protect core personnel during investigation or prosecution, weaponizing due process and free association norms to create structural impunity where accountability becomes slow and reversible

- **Rebranding**, which involves deliberate dissolution, renaming, or restructuring of entities to evade scrutiny while preserving personnel, resources, and objectives, allowing successor organizations to inherit networks and assets under new identities that reset public perception while maintaining operational infrastructure

- **Distributed resources**, which decentralize propaganda, communication tools, financial data, and logistical assets across multiple actors, platforms, and jurisdictions beyond institutional control, ensuring no single point of failure can end operations and enabling rapid recovery after takedowns

- **Layered network design**, which creates hierarchical tiers of entities appearing autonomous but structured to conceal centralized coordination, with outer layers providing public legitimacy while inner layers direct financing and operations, creating redundancy that allows activity to continue after exposure

- **Interlocking leadership**, where the same individuals hold positions across multiple organizations to enable coordination while maintaining the appearance of independence, concentrating control to ensure that when one entity is discredited, personnel and institutional memory persist elsewhere

- **Youth targeting**, which institutionalizes ideological renewal through recruitment, training, and indoctrination pipelines that embed ideology within career advancement and belonging structures, continuously replenishing human capital to maintain vitality across generations

- **Decentralized structure**, which engineers pseudo-autonomy through peripheral entities that appear independent but operate within shared frameworks directed from the center, creating redundancy, deniability, and regeneration capacity that fragments responsibility while maintaining control

- **Financial distribution**, which fragments and reroutes resource flows through intermediaries, informal channels, or parallel entities to prevent interruption under scrutiny, separating control from visibility to ensure liquidity continues even when oversight tightens

- **Intergenerational continuity**, which transmits influence capacity, institutional knowledge, and strategic intent across familial, educational, or professional lineages, preserving trust networks and operational fluency beyond formal organizations through inherited structures that may operate without explicit coordination","Longevity is the self-preservation mechanism of influence systems—ensuring that operations outlast their creators, maintain plausible deniability, and evolve faster than adversaries can dismantle them.","- **Interlocking Leadership**: Interlocking leadership is a structural pattern in which the same individuals hold leadership or board positions across multiple organizations, creating overlapping networks of influence. This arrangement enables coordination and strategic alignment between groups that outwardly appear to be independent or grassroots movements.
By concentrating leadership across entities, regimes and aligned networks maintain cohesion, message discipline, and rapid mobilization capacity. Interlocking leadership also provides redundancy: when one organization is discredited or dissolved, its personnel and institutional memory persist elsewhere, preserving both capability and continuity.
This technique has appeared in state-aligned cultural fronts, political advocacy groups, and philanthropic networks where nominal independence masks shared personnel and purpose., - **Layered Network Design**: Layered network design is a hierarchical organizational strategy in which multiple tiers of entities—often appearing autonomous—are structured to conceal centralized coordination and control. This design creates a façade of diversity and independence while enabling unified strategic direction and information flow.
By embedding control across visible and invisible layers, regimes and intermediaries can protect their core operations from disruption. Outer layers provide public legitimacy; inner layers direct financing, communications, and operational priorities.
Layered networks provide redundancy and deniability, allowing successor or front organizations to continue activity even after exposure or sanction. The result is an ecosystem that appears pluralistic but functions as a coherent whole., - **Youth Targeting**: Youth targeting is a form of succession planning in which ideological and generational renewal are institutionalized through youth recruitment, training, and indoctrination pipelines. These initiatives regenerate leadership and sustain ideological coherence across time.
Through educational exchanges, fellowships, and cultural programs, regimes and aligned movements cultivate new adherents who carry forward operational culture and loyalty. Such programs embed ideology within opportunity structures—linking career advancement, belonging, and influence to participation in regime-aligned ecosystems.
By continuously replenishing its human capital, the influence architecture maintains vitality even as older cadres retire or are discredited., - **Legal Support Networks**: Legal support networks mobilize sympathetic lawyers, civil rights groups, or advocacy organizations to defend affiliates, deter enforcement, and challenge regulatory actions. These networks sustain operations under legal pressure and create procedural delays that protect core personnel or institutions, allowing influence activities to persist even during investigation or prosecution.
They weaponize the norms of open societies—due process, free association, and advocacy—to insulate actors engaged in manipulative or covert activity. The outcome is structural impunity: a system where accountability becomes a slow, reversible process, and exposure does not equate to cessation., - **Rebranding**: Rebranding involves the deliberate dissolution, renaming, or restructuring of entities to evade scrutiny, sanctions, or reputational damage while preserving personnel, resources, and objectives. Successor organizations inherit networks and assets under a new identity, maintaining operational continuity behind the appearance of change.
Through rebranding, influence architectures reset perception while retaining infrastructure. This allows movements to re-engage funders, media, and digital platforms even after exposure. The public sees renewal; the system experiences continuity., - **Distributed Resources**: Distributed resources refer to the intentional decentralization of propaganda, communication tools, or financial and logistical data across multiple actors, platforms, and jurisdictions. By storing critical assets beyond the reach of institutional moderation or legal control, actors preserve operational capacity, ideological content, and institutional memory.
Common among clandestine movements such as jihadist networks, distributed resources allow rapid recovery after takedowns or arrests by ensuring no single point of failure can end operations.
This approach transforms fragmentation into resilience: redundancy is built into the architecture itself., - **Decentralized Structure**: A controlled dispersion mechanism that simulates autonomy while maintaining central coordination. In centralized influence architectures, decentralization is engineered—not organic—to ensure continuity and deniability. Peripheral entities, local chapters, or partner organizations appear independent but operate within a shared ideological, financial, or logistical framework directed from the center.
This pseudo-decentralization serves three primary longevity functions:
1. Redundancy: Each node can persist if others are exposed or dismantled, preventing total operational collapse.
2. Deniability: The appearance of local initiative obscures top-down coordination, shielding the central authority from accountability.
3. Regeneration: New nodes can be created faster than adversaries can dismantle them, allowing the network to continuously reconstitute itself.
Thus, in a centralized structure, “decentralization” functions as a survivability illusion—a method of distributing risk without surrendering control. It maintains continuity by fragmenting responsibility and creating the perception of autonomous activity, ensuring the central authority’s objectives endure even when individual entities are compromised., - **Financial Distribution**: Financial distribution refers to the fragmentation and rerouting of resource flows through intermediaries, informal channels, or parallel entities to prevent interruption under scrutiny or sanction. Funds may be dispersed across multiple organizations, fiscal sponsors, or cryptocurrency systems to ensure liquidity and minimize traceability.
This mechanism maintains operational solvency after exposure or asset freezes, ensuring that no single funding node becomes a vulnerability. By separating control from visibility, financial distribution sustains influence operations through disruption and reconstitution.
In practice, it transforms financial opacity into endurance—money flows continue even when oversight tightens., - **Intergenerational Continuity**: Intergenerational Continuity refers to the transmission of influence capacity, institutional knowledge, and strategic intent across familial, educational, or professional lineages. It captures how individuals formerly embedded in state, intelligence, or diplomatic systems—and their descendants or protégés—maintain relevance within contemporary information ecosystems through inherited trust networks, shared worldviews, and access to enduring resource channels. Importantly, individuals may operate within these inherited structures without explicit coordination or intent, reflecting systemic continuity rather than direct control. This mechanism highlights how human networks sustain influence architectures beyond formal organizations, preserving strategic orientations and operational fluency across generations., - **Structural Redundancy**: The deliberate distribution of content, accounts, and platform presence across multiple sites, hosting environments, and jurisdictions to ensure operational continuity after takedowns, deplatforming, or exposure. This mechanism involves pre-positioning material on moderation-resistant platforms, maintaining parallel accounts and backup channels, archiving content in retrievable repositories, and designing digital infrastructure with the expectation of removal. When one node is eliminated, operations migrate to pre-established alternatives with minimal disruption—often under rebranded identities that preserve audience continuity through cross-platform signaling. The architecture treats deplatforming not as failure but as an anticipated phase in the operational lifecycle, building reconstitution capacity into the design itself., - **Leveraging Organic Conspiracy Theories**: The strategic attachment of regime narratives to conspiracy theories that emerged independently within target populations, embedding state-aligned messaging within durable, self-sustaining belief communities. Unlike fabricated disinformation that requires continuous operational investment, organic conspiracy theories persist autonomously—maintained by committed adherents who propagate, defend, and elaborate the worldview without external coordination. By grafting regime narratives onto these pre-existing structures, state actors gain access to infrastructure they did not build and cannot be blamed for: established audiences, emotional investment, community identity, and interpretive frameworks that resist debunking. Once embedded, the regime's message becomes inseparable from beliefs the community already holds, ensuring continued circulation even if the original operation is exposed or discontinued. The conspiracy community becomes an unwitting carrier—sustaining, adapting, and defending narratives on behalf of a regime whose involvement remains invisible or deniable. This mechanism transforms ephemeral influence operations into persistent ideological fixtures, exploiting the regenerative capacity of organic belief systems to achieve narrative longevity without ongoing resource expenditure.","Longevity is the endurance function of influence architecture—the
capacity of a network to survive exposure, legal disruption, or
leadership loss without losing coherence. While the other eight
functions describe how influence operates, Longevity describes how it
endures. It ensures that when front organizations are dissolved,
sanctions are imposed, or platforms are banned, the architecture
regenerates itself under new names, new branding, or new intermediaries.
Longevity transforms short-term manipulation into a persistent
ecosystem.

Authoritarian and hybrid actors achieve this by institutionalizing
adaptability. The structure itself becomes modular and replaceable:
leaders rotate, but ideology persists; organizations collapse, but
funding reappears through new fiscal sponsors; websites vanish, but
content resurfaces on cloned domains. Longevity is not secrecy—it is
continuity by design.

Longevity is the immune system of influence. It enables regimes and
their proxies to survive cycles of exposure and reform, reconstituting
themselves faster than oversight mechanisms can adapt. Where
transparency creates accountability, longevity weaponizes opacity,
redundancy, and time. The network does not merely persist—it evolves.
Each dismantled front becomes a blueprint for the next, ensuring that
the architecture of influence never truly dies; it simply changes its
name.

Longevity functions encompass the deliberate measures taken to preserve
the continuity, adaptability, and survivability of influence operations.
These mechanisms ensure that movements, organizations, or networks
persist despite exposure, legal pressure, leadership loss, or shifting
political conditions. Longevity operates as the self-preservation
architecture of influence ecosystems, enabling them to withstand
disruption, reconstitute themselves, and evolve faster than adversaries
can dismantle them.

These functions include:

-   **Interlocking Leadership**, where shared personnel across
    organizations create overlapping governance networks that ensure
    coordination and continuity even if one entity is compromised.
-   **Layered Network Design**, which establishes multiple tiers of
    organizations—appearing autonomous yet centrally aligned—to provide
    redundancy and preserve operational function through reconstitution.
-   **Conduit Funding**, in which intermediary nonprofits or fiscal
    sponsors sustain financial flows while masking true sources,
    enabling uninterrupted resourcing when direct channels are
    restricted or sanctioned.
-   **Shell Companies**, which allow entities to dissolve and
    reincorporate under new identities, protecting activities from
    regulatory or legal takedowns. - **Decentralized Structure**, a
    controlled dispersion of authority that simulates autonomy among
    subordinate groups or chapters, allowing operations to persist
    locally when the center is disrupted.
-   **Legal Support Networks**, which mobilize sympathetic lawyers,
    civil rights groups, or advocacy organizations to defend affiliates
    and deter enforcement actions.
-   **Succession Planning**, where ideological and generational renewal
    are institutionalized through youth recruitment, training, and
    indoctrination pipelines that regenerate leadership and sustain
    ideological coherence.
-   **Archival Preservation and Narrative Redundancy**, which safeguard
    ideological material and institutional memory to ensure continuity
    after organizational loss or exposure.
-   **Rebranding and Regeneration**, where dissolved or exposed entities
    are rapidly replaced by successor organizations that inherit the
    same mission, personnel, and resources under new identities.

Collectively, these mechanisms ensure **resilience, adaptability, and
regeneration**. Longevity is not concealment or persuasion—it is
persistence. By embedding redundancy, decentralization, and ideological
continuity into their structure, influence networks endure political
change, legal intervention, or reputational damage, maintaining
operational capacity long after detection or disruption.

# Varieties {#varieties}

## Interlocking Leadership {#interlocking-leadership}

Interlocking leadership is a structural pattern in which the same
individuals hold leadership or board positions across multiple
organizations, creating overlapping networks of influence. This
arrangement enables coordination and strategic alignment between groups
that outwardly appear to be independent or grassroots movements.

By concentrating leadership across entities, regimes, and aligned
networks, maintain cohesion, message discipline, and rapid mobilization
capacity. Interlocking leadership also provides redundancy: when one
organization is discredited or dissolved, its personnel and
institutional memory persist elsewhere, preserving both capability and
continuity.

This technique has appeared in state-aligned cultural fronts, political
advocacy groups, and philanthropic networks where nominal independence
masks shared personnel and purpose.

## Layered Network Design {#layered-network-design}

Layered network design is a hierarchical organizational strategy in
which multiple tiers of entities—often appearing autonomous—are
structured to conceal centralized coordination and control. This design
creates a façade of diversity and independence while enabling unified
strategic direction and information flow.

By embedding control across visible and invisible layers, regimes, and
intermediaries can protect their core operations from disruption. Outer
layers provide public legitimacy; inner layers direct financing,
communications, and operational priorities.

Layered networks provide redundancy and deniability, allowing successor
or front organizations to continue activity even after exposure or
sanction. The result is an ecosystem that appears pluralistic but
functions as a coherent whole.

## Youth Targeting {#youth-targeting}

Youth targeting is a form of succession planning in which ideological
and generational renewal are institutionalized through youth
recruitment, training, and indoctrination pipelines. These initiatives
regenerate leadership and sustain ideological coherence across time.

Through educational exchanges, fellowships, and cultural programs,
regimes and aligned movements cultivate new adherents who carry forward
operational culture and loyalty. Such programs embed ideology within
opportunity structures—linking career advancement, belonging, and
influence to participation in regime-aligned ecosystems.

By continuously replenishing its human capital, the influence
architecture maintains vitality even as older cadres retire or are
discredited.

## Legal Support Networks {#legal-support-networks}

Legal support networks mobilize sympathetic lawyers, civil rights
groups, or advocacy organizations to defend affiliates, deter
enforcement, and challenge regulatory actions. These networks sustain
operations under legal pressure and create procedural delays that
protect core personnel or institutions, allowing influence activities to
persist even during investigation or prosecution.

They weaponize the norms of open societies—due process, free
association, and advocacy—to insulate actors engaged in manipulative or
covert activity. The outcome is structural impunity: a system where
accountability becomes a slow, reversible process, and exposure does not
equate to cessation.

## Rebranding {#rebranding}

Rebranding involves the deliberate dissolution, renaming, or
restructuring of entities to evade scrutiny, sanctions, or reputational
damage while preserving personnel, resources, and objectives. Successor
organizations inherit networks and assets under a new identity,
maintaining operational continuity behind the appearance of change.

Through rebranding, influence architectures reset perception while
retaining infrastructure. This allows movements to re-engage funders,
media, and digital platforms even after exposure. The public sees
renewal; the system experiences continuity.

## Distributed Resources {#distributed-resources}

Distributed resources refer to the intentional decentralization of
propaganda, communication tools, or financial and logistical data across
multiple actors, platforms, and jurisdictions. By storing critical
assets beyond the reach of institutional moderation or legal control,
actors preserve operational capacity, ideological content, and
institutional memory.

Common among clandestine movements such as jihadist networks,
distributed resources allow rapid recovery after takedowns or arrests by
ensuring no single point of failure can end operations.

This approach transforms fragmentation into resilience: redundancy is
built into the architecture itself.

## Decentralized Structure {#decentralized-structure}

Decentralized structure is a controlled dispersion mechanism that
simulates autonomy while maintaining central coordination. In
centralized influence architectures, decentralization is engineered—not
organic—to ensure continuity and deniability. Peripheral entities, local
chapters, or partner organizations appear independent but operate within
a shared ideological, financial, or logistical framework directed from
the center.

This pseudo-decentralization serves three primary longevity functions:

1.  Redundancy: Each node can persist if others are exposed or
    dismantled, preventing total operational collapse.
2.  Deniability: The appearance of local initiative obscures top-down
    coordination, shielding the central authority from accountability.
3.  Regeneration: New nodes can be created faster than adversaries can
    dismantle them, allowing the network to continuously reconstitute
    itself.

Thus, in a centralized structure, “decentralization” functions as a
survivability illusion—a method of distributing risk without
surrendering control. It maintains continuity by fragmenting
responsibility and creating the perception of autonomous activity,
ensuring the central authority’s objectives endure even when individual
entities are compromised.

## Financial Distribution {#financial-distribution}

Financial distribution refers to the fragmentation and rerouting of
resource flows through intermediaries, informal channels, or parallel
entities to prevent interruption under scrutiny or sanction. Funds may
be dispersed across multiple organizations, fiscal sponsors, or
cryptocurrency systems to ensure liquidity and minimize traceability.

This mechanism maintains operational solvency after exposure or asset
freezes, ensuring that no single funding node becomes a vulnerability.
By separating control from visibility, financial distribution sustains
influence operations through disruption and reconstitution.

In practice, it transforms financial opacity into endurance—money flows
continue even when oversight tightens.

# Discussion {#discussion}

Longevity mechanisms are defensive architecture disguised as pluralism.
They preserve influence ecosystems against accountability by embedding
resilience into legal, financial, organizational, and generational
layers. Interlocking leadership keeps decision-rights intact when brands
change; layered network design cushions core direction behind expendable
outer shells; decentralized structure simulates autonomy while
preserving coordination; distributed resources and financial
distribution ensure no single takedown eliminates capacity; rebranding
resets perception without resetting operations; youth targeting
repopulates the cadre; legal support networks convert oversight into
delay.

Continuity is engineered. Transparency is converted into latency
(archives and assets are pre-positioned off-platform); exposure is
converted into adaptation (successor entities are templated in advance).
When one node fails, another inherits its lists, audiences, and
workflows; when an entity collapses, its memory persists in mirrored
repositories; when a leader falls, protégés move up along prebuilt
pipelines.

Longevity does not merely resist disruption—it metabolizes it. Failure
events become routine maintenance cycles. Survival is not a reaction; it
is the design principle.

### Longevity ≠ Secrecy {#longevity-secrecy}

Longevity is not concealment; it is permanence. Obfuscation severs the
link between message and messenger. Longevity preserves the machine
itself. Its strength lies in structural regeneration: successor filings,
mirror domains, escrowed funds, and distributed content caches that make
dismantlement temporary rather than terminal. In such systems,
“exposure” is largely symbolic—an episode the architecture anticipates
and rehearses. Reassembly outpaces remediation.

### The Resilience Illusion {#the-resilience-illusion}

What looks like adaptability is choreography. Decentralized structure
creates the performance of local initiative; layered networks and
interlocking leadership assure central intent; rebranding provides a
dramaturgy of change; legal support networks stage procedural struggle
while buying time; financial distribution sustains liquidity through
freezes or sanctions. The appearance of vitality is a defensive script
that conceals a constant objective: uninterrupted control.

### Architectural Continuity {#architectural-continuity}

Longevity is the connective tissue of all functions. Command and Control
requires it to keep authority stable across shocks. Projection Abroad
requires it to keep foreign footprints active as hosts impose costs.
Legitimation requires it to keep borrowed credibility circulating after
reputational hits. Without longevity, exposure would be decisive; with
it, exposure becomes an operational tax the system budgets for.

This endurance does not come from avoiding failure but from
incorporating failure into the operating model—preparing successors,
dispersing risk, and scripting recovery so thoroughly that disruption
extends the architecture’s life rather than ending it."
Obfuscation,14,"Shell Companies,Covert State Media,Information Alibi,State-Media Partnerships,Illicit Finance,Paid Influencers,Conduit Funding,Technical Deception,Domestic Operatives,Front Organizations,False Flag,Document Manipulation,Information Dissonance,Information Pollution","Obfuscation degrades the ability to determine what is true or who is responsible; Sabotage degrades the ability of systems to function. These entities often present themselves as independent organizations while repeating state-approved messages. Shell organizations, such as Soviet-era friendship societies or modern entities like InfoRos and Rossotrudnichestvo, act as conduits for influence under the guise of civil society. This enables strategic denial while achieving tactical impact.","**Obfuscation** refers to the deliberate degradation of attribution, accountability, and adjudication within an information environment. Rather than persuading audiences or directly damaging systems, obfuscation operates by preventing reliable determination of **who acted**, **what occurred**, **how events unfolded**, or **which claims can be credibly resolved**. Its strategic purpose is to render responsibility, causality, and truth indeterminate—thereby frustrating investigation, delaying response, and diffusing accountability.

Obfuscation functions as a core enabling layer across influence operations by masking state involvement, laundering authorship and funding, fragmenting causal narratives, and exploiting the credibility of seemingly independent actors or institutions. Key mechanisms include:

* **Covert state media**, in which governments produce or distribute content through ostensibly autonomous outlets, journalists, or commentators so that state-directed messaging appears as spontaneous, independent discourse rather than official propaganda.

* **Undisclosed paid influencers**, who are covertly compensated to promote specific narratives while concealing financial or organizational ties, leveraging perceived independence and parasocial trust to legitimize targeted messages.

* **Shell companies and front organizations**, which present as independent civic, cultural, academic, or humanitarian entities while covertly advancing state agendas, exploiting institutional form and grassroots appearance to embed regime narratives within civil society.

* **Oligarchic media companies**, formally private outlets controlled by regime-aligned elites, which operate in the gray zone between state and independent media to obscure editorial control while maintaining plausible deniability.

* **Information alibis**, consisting of preemptively seeded false or alternative explanations designed to deflect blame, confuse timelines, and saturate the information environment with competing accounts before or immediately after an operation.

* **Information dissonance**, the deliberate propagation of multiple, mutually incompatible narratives that prevent causal reconstruction and adjudication, producing epistemic paralysis rather than belief in any single claim.

* **Document manipulation**, including the fabrication, alteration, selective release, or archival tampering of records to distort evidentiary trails, rewrite timelines, or undermine confidence in institutional documentation.

* **Illicit finance**, using opaque financial channels—such as shell entities, cryptocurrencies, or offshore structures—to fund influence activity while separating public-facing operations from their true sponsors.

* **Conduit funding**, which employs intermediary nonprofit or fiscal-sponsorship arrangements to obscure the origin, intent, or beneficiary of funds, limiting transparency and enabling plausible deniability under the appearance of lawful activity.

* **Technical deception**, encompassing domain and URL spoofing, proxy and VPN chaining, anonymized registrant data, coordinated botnets, synthetic content generation, and manipulation of web telemetry to conceal origin, coordination, or control.

* **State–media partnerships**, involving covert or semi-transparent relationships with ostensibly independent or contrarian outlets that launder authorship, diffuse accountability, and reframe state narratives as domestic dissent.

* **False flag operations**, in which misleading technical, linguistic, or institutional evidence is introduced to misattribute actions, redirect blame, or implicate rival actors through spoofed infrastructure, forged documents, or fabricated affiliations.

Together, these mechanisms do not seek to convince audiences of a particular narrative. Instead, they aim to **collapse the conditions under which accountability and truth determination are possible**, transforming coordinated state action into what appears to be fragmented, ambiguous, and independently generated discourse.","Obfuscation involves using covert or seemingly independent entities, like shell organizations or paid influencers, to conceal the true origin or purpose of messages, allowing entities to influence or spread messages while denying direct involvement.","'- **Shell Companies**: Entities are established or co-opted to present as independent organizations while covertly advancing state agendas, enabling the manipulation of public perception and foreign influence without revealing direct government involvement. This mechanism exploits the appearance of legitimacy and grassroots authenticity to embed state narratives within civil society, cultural exchanges, or media environments across diverse political contexts., - **Covert State Media**: Actors produce and distribute content through ostensibly autonomous media entities or individuals to mask direct involvement and enhance perceived legitimacy. This method of information manipulation obscures the source of messaging, enabling influence operations to appear as spontaneous or independent discourse across diverse political and social contexts., - **Information Alibi**: False narratives are preemptively crafted and disseminated to create plausible deniability for unlawful acts, shift blame onto adversaries, and obscure the perpetrator’s responsibility. This form of information manipulation constructs an alternative account of events before or immediately after the commission of a crime, enabling the responsible party to deflect accusations, hinder investigations, and undermine accountability by saturating the information environment with misleading explanations., - **State-Media Partnerships**: State actors form covert or semi-transparent relationships with ostensibly independent outlets—such as contrarian or “alternative” media platforms—to launder authorship, diffuse accountability, and extend reach through trusted intermediaries. These partnerships embed regime-aligned narratives within editorial ecosystems that present as oppositional, academic, or citizen-driven, allowing propaganda to circulate as authentic dissent rather than official messaging. By aligning with platforms that already attract skeptical or anti-establishment audiences, states exploit existing distrust of mainstream institutions to reframe foreign propaganda as domestic critique. This arrangement serves a dual purpose: it conceals the regime’s role (obfuscation) while gradually legitimizing its narratives through repeated citation and perceived independence. The outcome is a feedback loop of influence in which authorship is hidden, credibility is borrowed, and accountability is diffused, transforming state messaging into what appears to be spontaneous civic discourse., - **Illicit Finance**: Illicit financial channels, including cryptocurrencies and shell entities, are used to covertly fund influence operations while obscuring the true sponsor’s identity. This mechanism enables regimes to support media outlets, activist groups, or individuals in ways that mask their involvement, facilitating narrative laundering and attribution denial. The primary function is to separate the financial source from the public-facing activity, ensuring that the origin and intent behind the information manipulation remain hidden from oversight and audiences., - **Paid Influencers**: Undisclosed paid influencers are individuals or entities covertly compensated by a state or actor to promote specific narratives while concealing their financial or organizational ties. This form of information manipulation leverages the perceived independence of these influencers to legitimize and amplify targeted messages, thereby shaping public opinion without revealing the orchestrated nature of the communication., - **Conduit Funding**: Conduit funding refers to the use of intermediary nonprofit entities—often U.S.-registered 501(c)(3) organizations—to channel money from one source to another while obscuring the true origin, purpose, or beneficiary of the funds. In this mechanism, a legitimate nonprofit serves as a financial conduit for a fiscally sponsored project, allowing the actual sponsor to provide resources without direct disclosure or scrutiny. This structure can be exploited to fund influence operations, research initiatives, or media projects that advance foreign state interests while maintaining the appearance of compliance with charitable or educational missions. The fiscal sponsorship arrangement enables plausible deniability, limits transparency requirements, and masks the strategic intent behind the funding flow., - **Technical Deception**: Technical Deception involves the deliberate use of digital and infrastructural techniques to conceal the origin, coordination, or control of influence activity. It includes domain/URL spoofing and mimicry, shared or falsified analytics/ad IDs, proxy/VPN/hosting chaining, anonymized registrant details, coordinated botnets and automated accounts with forged metadata, synthetic content generation (AI-written articles, deepfakes) deployed to mask human authorship, and deliberate manipulation of web-signal telemetry (referrers, headers, timestamps) to create false provenance or attribution., - **Domestic Operatives**: Native actors within the target country who exploit existing grievances and social tensions for political advantage. Their tactics include reframing national issues to pit communities against one another, encouraging fear of one another to consolidate support, distract from accountability, or undermine democratic cohesion. , - **Front Organizations**: Front organizations are entities that present themselves as independent civic, cultural, academic, or humanitarian bodies while covertly advancing the interests of a state, intelligence service, or aligned network. They function as intermediaries between overt propaganda and covert influence, providing a façade of legitimacy that conceals coordination, funding, or control. 

These organizations often operate in plain sight—holding conferences, issuing reports, or engaging in public advocacy—while embedding regime-aligned narratives within seemingly neutral or benevolent activities. Their primary function is obfuscation through legitimacy transfer: laundering intent, authorship, and funding through institutional forms that audiences instinctively trust., - **False Flag**: A false flag is a deliberate act of deception in which the operator introduces misleading evidence—technical, linguistic, or institutional—to conceal their true identity and redirect blame toward another actor. In information operations, this can include spoofed infrastructure, fake affiliations, forged documents, or stylized rhetoric designed to mimic rival entities or dissidents., - **Document Manipulation**: The fabrication, alteration, or selective omission of records within official, institutional, or archival repositories to construct false narratives or obscure evidence. This mechanism exploits the perceived authority and permanence of documentary sources to legitimize false interpretations, distort historical understanding, and conceal wrongdoing., - **Information Dissonance**: The deliberate propagation of multiple, mutually contradictory narratives to saturate the information environment and overwhelm cognitive processing. This fragmentation erodes the public’s ability to discern credible information, fosters epistemic fatigue, and enables manipulators to dismiss all competing claims as unreliable. The public has a tendency to settle on whatever affirms their existing world view and may disengage politically., - **Information Pollution**: The deliberate contamination of the information environment through high-volume, low-quality, or contradictory content designed to degrade collective sensemaking capacity rather than persuade. This mechanism operates through saturation rather than precision: flooding platforms with algorithmically generated articles, publishing multiple conflicting accounts of the same event, seeding AI-produced content that mimics legitimate journalism but lacks factual grounding, and overwhelming search results and social feeds with noise that obscures signal. The goal is not to convince audiences of a particular narrative but to make the determination of truth so effortful that disengagement becomes the rational response. Information pollution exploits the finite attention and processing capacity of both individuals and institutions—fact-checkers cannot keep pace, journalists cannot verify at scale, and ordinary users cannot distinguish authentic reporting from synthetic debris. The resulting environment advantages the polluter: when everything appears equally questionable, official denials carry the same weight as documented evidence, and the public loses confidence not just in specific claims but in the possibility of establishing shared facts. Unlike targeted disinformation, which seeks belief, information pollution seeks paralysis—a degraded epistemic commons in which manipulation becomes undetectable against a background of ambient noise.","Obfuscation functions conceal the origin, affiliation, or purpose.
Covert state media, shell entities, and undisclosed paid influencers
create ambiguity around authorship. These entities often present
themselves as independent organizations while repeating state-approved
messages. Shell organizations, such as Soviet-era friendship societies
or modern entities like InfoRos and Rossotrudnichestvo, act as conduits
for influence under the guise of civil society. This enables strategic
denial while achieving tactical impact.

Obfuscation is often mistaken as the default setting of authoritarian
influence. In truth, most influence operations are not fully hidden—they
are carefully calibrated. The goal is not always to avoid attribution,
but to complicate interpretation. While some mechanisms obscure the
source, others operate openly to exploit credibility, reframe
legitimacy, or normalize alternative norms.

This chapter isolates the tools whose primary purpose is to obscure
authorship. This does not imply that secrecy defines the entire
architecture; rather, attribution denial represents a foundational layer
in a broader system built on ambiguity.

Obfuscation functions as the strategic denial of authorship. It does not
alter the content of the message—it severs the visible connection
between message and messenger. In information environments where source
credibility is central to trust, concealing origin becomes a strategic
asset. This allows adversarial narratives to circulate undetected,
bypassing institutional gatekeepers, public scrutiny, and legal
barriers.

As a pillar of modern hybrid influence doctrine, obfuscation rarely
depends on outright falsehood. Instead, it relies on contextual
manipulation—who appears to speak and why they are trusted. If
Legitimation borrows credibility and Command and Control asserts
authority, Obfuscation thrives on ambiguity. It enables low-attribution,
high-impact, and scalable gray-zone operations across domains.

In contrast to traditional clandestine operations, which emphasize
invisibility, modern obfuscation often seeks to create a multiplicity of
plausible interpretations. The aim is not necessarily to convince, but
to confuse, delay, and erode consensus about what is real, what is
legitimate, and who is responsible. It is both anti-detection and
anti-attribution.

This paradigm—already central to Soviet maskirovka and KGB active
measures—has evolved in the post-Soviet era into a core doctrine of what
some analysts term reflexive control, whereby adversaries are
manipulated into acting against their interests by misperceiving the
source, intent, or consequences of information flows.

Whereas Legitimation seeks to borrow credibility, Command and Control
projects overt power, and Obfuscation disrupts the evidentiary link
between agent, action, and aim.

The mechanisms below are core instruments of the obfuscation function.

# Varieties {#varieties}

## Covert State Media {#covert-state-media}

Covert state media refers to government-backed information operations
disguised as independent journalism. Unlike traditional state outlets
such as RT or Sputnik, these entities present themselves as grassroots,
oppositionist, or alternative voices.

They often take the form of seemingly independent information platforms
that are, in reality, tightly integrated into authoritarian influence
architectures. For instance, Baltnews—a media outlet operating in the
Baltic states—presents itself as a diasporic news agency focused on
Russian-speaking communities. Investigations traced its ownership to the
Russian state media holding Rossiya Segodnya, revealing its role as a
covert vector for the Kremlin [@STOLZE2022; @SPRINGE2017].

The Duran and SouthFront, both ostensibly alternative media projects,
blend anti-establishment commentary with content that closely mirrors
Russian strategic messaging on NATO, Ukraine, and Western politics
[@WATTS2022; @MERCHANT2022]. SouthFront in particular has been
identified by U.S. intelligence as an information manipulation outlet
with ties to Russian military intelligence (GRU)
[@US_DEPARTMENT_OF_TREASURY2022; @us; @GEC20201]. These platforms mimic
the tone and visual aesthetics of grassroots journalism or contrarian
opinion. Still, they are often seeded with narratives designed to
polarize, delegitimize Western institutions, or amplify regime-friendly
content.

In a more academic or para-scientific form, obfuscation can manifest
through pseudojournals and think tanks that offer intellectual cover for
state agendas. Well-known vectors of information manipulation may not be
cited as frequently by Western authors, but some websites manage to walk
that fine line. They attract both reliable and unreliable sources.
Modern Diplomacy, which has a partnership with the Russian Ministry of
Foreign Affairs, has been cited by The Washington Post, the
anti-abortion website LifeSiteNews, and its partner, the Russian Foreign
Ministry [@usb; @usb; @MIR2022]

![Footer of the Ministry of Foreign Affairs of the Russian
Federation](https://i.gyazo.com/a5d3fb24ee1a60a93b7383ce4bd6e60d.png)

Some publish selectively curated “expert” analysis that aligns with
authoritarian narratives while maintaining the veneer of scholarly
independence. At the popular level, meme-centric YouTube channels serve
as narrative laundering vehicles, where ideological messaging is
packaged through satire, culture war framing, or ironic detachment,
further distancing the content from any traceable state sponsorship.

Across these varied formats, the throughline is consistent: they
weaponize the aesthetic of authenticity while operating within a
concealed architecture of foreign control. By decoupling message from
visible sponsorship, they gain traction among populations alienated from
mainstream institutions, particularly in polarized or post-truth
environments.

Their power lies in occupying a strategic gray space: too independent to
be easily banned, too consistent in narrative alignment to be truly
autonomous. This model mirrors KGB-era tactics used to seed narratives
via Western ""agents of influence"" placed within sympathetic editorial
boards, literary journals, or peace movements—except now at an
algorithmic scale.

## Shell Companies {#shell-companies}

Shell companies serve as institutional masks for foreign influence,
offering authoritarian regimes a legal and social disguise within the
target country. Often registered as nonprofits, think tanks, media
firms, or cultural organizations, these entities perform all the outward
functions of legitimate civic institutions—sponsoring events, funding
academic research, hosting policy roundtables, and publishing content
that appears independent. Yet behind their façades lies concealed
foreign direction or funding, carefully laundered through subcontracting
chains, affiliated front organizations, and bureaucratic opacity.

Unlike Cold War-era covert operations, modern shell companies do not
operate in the dark. They function in broad daylight, embedded within
the infrastructure of democratic civil society, benefiting from the
legal protections afforded to charities, media outlets, or academic
institutions. These entities are often domiciled within the target
country, staffed by local nationals, and framed in language that appeals
to pluralistic values. This grants them a veneer of grassroots
authenticity and nonpartisan neutrality, even as they pursue
geopolitical objectives aligned with a foreign intelligence or
propaganda apparatus.

A prominent example is the Institute for Democracy and Cooperation,
established in Paris in 2008. While it presented itself as an
independent human rights NGO, its director, Natalia Narochnitskaya, was
a former Russian parliamentarian and ideological ally of Kremlin
hardliners. The Institute was publicly critical of NATO, Western
liberalism, and U.S. foreign policy—its agenda closely mirroring the
Kremlin’s ideological framing of the post-Cold War world. Although it
claimed non-governmental status, its funding and strategic alignment
raised clear concerns among analysts and European observers.

In the Balkans, shell organizations affiliated with the Russian Orthodox
Church have been used to support pan-Slavic unity narratives and
undermine Western integration, particularly in Serbia and Montenegro.
These institutions run cultural centers, fund religious programming, and
engage in interfaith dialogue. Still, their operations often serve as
proxies for strategic alignment and soft power projection by the Russian
state. In Hungary and Austria, media front companies have purchased
advertising space and editorial coverage that subtly advance narratives
on energy dependency, migration, and Euro-Atlantic fragmentation,
without any visible sign of foreign state involvement.

The power of shell companies lies not in overt manipulation, but in
their ability to seamlessly embed influence within the host country’s
institutional logic. They thrive in the gray zones of legality, often
exploiting the very openness, pluralism, and regulatory deference that
define liberal democratic systems. By masquerading as legitimate civic
actors, they reframe foreign interference as domestic discourse, evading
not only detection but also the moral clarity that might otherwise
accompany exposure.

In this sense, shell companies embody the strategic logic of
obfuscation: not to hide the message, but to disguise the messenger. Not
to deny the narrative, but to denature its origin, ensuring that
attribution is muddied and accountability deferred. Their camouflage is
not built on secrecy, but on plausibility, designed to dissolve the
boundaries between public diplomacy, commercial activity, civil society,
and covert influence. The result is a powerful vehicle for regime
narratives to enter policy spaces, media discourse, and academic forums,
lending credibility to an indigenous voice while concealing the intent
of foreign control.

### Legal Entities

Shell companies serve as institutional facades for foreign influence,
enabling authoritarian regimes to operate under the legal and social
protections afforded by open societies. These entities are typically
registered as nonprofits, think tanks, media firms, educational
institutions, or cultural associations, and they perform the visible
functions of legitimate civic actors. What distinguishes them is not
their public activity but their concealed strategic alignment and
foreign funding, often routed through layered subcontractors, affiliated
fronts, or ambiguous donor networks.

Rather than operate clandestinely, these organizations work openly
within the democratic infrastructure. They are often locally domiciled,
employ nationals of the host country, and adopt neutral or humanitarian
language. This makes them especially difficult to distinguish from
authentic grassroots efforts, giving them plausible deniability and
access to funding, public trust, and media engagement.

Several legal entity types are consistently used to enable this model of
obfuscation:

-   First, nonprofit organizations are widely exploited. In the United
    States, this includes 501(c)(3) charities or 501(c)(4) advocacy
    groups. Similar forms exist in other jurisdictions, such as
    registered charities in the UK, associations under France’s 1901
    law, or nonprofit civic associations in Germany. These forms provide
    tax benefits, credibility, and limited financial transparency.
    Foreign-aligned NGOs often use them to sponsor events, publish
    “independent” research, or offer grants to individuals or groups
    willing to carry aligned narratives.

-   Second, limited liability companies (LLCs in the US, Ltd in the UK
    and Canada) offer another popular format. These are commonly used to
    establish media companies, PR consultancies, or advertising agencies
    that quietly propagate state-aligned messaging. Because disclosure
    requirements are minimal and ownership can be obscured through
    offshore registration or nominee structures, these companies can
    serve as proxies for influence without easily traceable links to
    their foreign sponsors.

-   Third, sole proprietorships and micro-media platforms—such as
    individual blogs or YouTube channels—can act as effective fronts,
    especially when the influencer is ideologically aligned or
    financially supported through opaque sponsorships. These platforms
    benefit from being perceived as authentic, dissident, or grassroots
    voices, making them highly effective carriers of foreign messaging.
    Because they often operate independently and informally, they fall
    outside the reach of foreign agent disclosure regimes.

-   Fourth, academic and educational institutions may serve as soft
    platforms for influence. Private educational trusts or
    university-affiliated centers may receive endowments or fellowships
    from foreign entities. In return, they may promote narratives
    favorable to those states under the cover of scholarship, host
    uncritical forums, or establish exchange programs that facilitate
    soft recruitment. These operations are rarely flagged because they
    occur within protected environments, such as higher education and
    public diplomacy.

-   Fifth, hybrid structures—entities that combine nonprofit status with
    commercial subsidiaries—can be used to route funds, distribute
    content, or sponsor media activities while blurring regulatory
    oversight. For example, a cultural foundation may subcontract media
    work to a for-profit firm, which then places sponsored content
    without disclosing its origin. These arrangements allow regimes to
    exploit inconsistencies in financial and political disclosure
    regimes across jurisdictions.

All these forms benefit from the foundational vulnerabilities of
democratic systems: legal pluralism, minimal preemptive enforcement, and
a normative commitment to openness. Authoritarian actors do not simply
hide behind these structures—they weaponize their legitimacy to insert
influence into the core of civil discourse. The result is not just
concealed sponsorship, but a transformation of foreign interference into
something that appears local, organic, and authentic.

## Undisclosed Paid Influencers {#undisclosed-paid-influencers}

This mechanism recruits individuals—journalists, podcasters, academics,
or micro-celebrities—to act as authentic-seeming vectors of influence
without disclosing financial or ideological ties.

Unlike Cold War-era agents like Richard Condon or members of the World
Peace Council, today's influencers are often ideologically congruent but
not centrally directed. Their complicity may be:

-   Contractual (covert payments routed via shell consultancies)
-   Transactional (sponsored trips, fellowships, platform access)
-   Ideological (alignment with anti-Western, anti-elite, or
    civilizational narratives)

This tactic exploits a key psychological vulnerability: audiences trust
individuals who appear to be autonomous far more than known
propagandists. Examples include:

-   Social media influencers who amplify Kremlin or CCP narratives
    without disclosure
-   Alt-media figures whose content aligns consistently with state goals
    but lacks transparency
-   “Useful idiots” whose platforms are co-opted through ego, money, or
    access.

The result is a decentralized propaganda effect that mimics the
emergence of grassroots support.

## Illicit Financial Channels {#illicit-financial-channels}

Illicit finance is the circulatory system of obfuscation. It enables the
hidden sponsorship of operations without leaving the forensic trails of
conventional funding. Methods include using anonymous cryptocurrency
wallets, cross-border shell routing, front foundations with opaque donor
registries, and the timeless option: moving cash using a courier.

This financial infrastructure supports:

-   Covert payments to influencers, journalists, or activists
-   Laundering of funds to sympathetic political parties
-   Undisclosed advertising, sponsored content, and psyops materials

The purpose is not merely to evade sanctions or taxation—it is to sever
the visible link between the source of funding and the content or action
being funded. Illicit financial ecosystems are especially critical when
influence operations intersect with:

-   Election interference
-   Protest orchestration
-   Cyber-enabled information laundering

## Information Alibis {#information-alibis}

Information alibis are a specialized form of information manipulation in
which false narratives are disseminated in advance of, or concurrent
with, unlawful acts to create a preemptive shield against attribution
and accountability. A 2025 report outlined this phenomenon in great
detail, and much of this section is taken from that report [@KC2025].

Rather than merely confusing public perception post hoc, information
alibis are weaponized narratives designed to obscure culpability,
distort timelines, and construct plausible deniability for acts that may
constitute grave violations of international law.

This tactic represents a distinct evolution in strategic deception. It
transforms rhetoric into operational cover, enabling state
actors—particularly the Russian Federation—to integrate information
manipulation directly into the planning, execution, and concealment of
kinetic attacks.

Where classical obfuscation mechanisms aim to hide the source of a
message, information alibis seek to shape the meaning of an event before
it occurs. These narratives are not reactive—they are anticipatory. As
documented in the report Manufacturing Impunity: Russian Information
Operations in Ukraine, information alibis function as narrative
tripwires: they are released in advance to frame how target audiences
will interpret future violence, often casting victims as aggressors and
perpetrators as responders.

This tactic has been central to Russia’s modern information operations
in Ukraine, Syria, and other theaters. It reflects a doctrinal fusion of
Soviet-era maskirovka (military deception), psychological warfare, and
contemporary reflexive control theory—where adversaries are manipulated
into false conclusions through managed informational stimuli.

Information alibis typically follow a three-phase cycle:

1.  **Preemptive narrative deployment:** False claims are released
    suggesting that a target is a military threat, a staging site for
    provocations, or a false-flag operation. These claims are often
    vague but designed to seed doubt in advance of an anticipated
    attack.

2.  **Kinetic action**: A strike or atrocity follows, such as the
    shelling of a hospital or the bombing of a civilian structure.

3.  **Amplification and consolidation**: The original false narrative is
    re-amplified by state media, diplomats, military spokespeople, and
    influencers to deflect blame, often accompanied by fabricated
    evidence or counter-accusations.

This strategy is not accidental. It involves coordination across state
ministries, intelligence agencies, diplomatic channels, and media
fronts. It is integrated—not adjacent—to military operations.

### Case Studies from Ukraine

The report outlines five case studies where Russia employed information
alibis in its war of aggression against Ukraine:

-   **Mariupol Maternity Ward No. 3**: Russia preemptively claimed the
    hospital was being used by Ukrainian forces, then struck it. When
    confronted with civilian casualties, including a pregnant woman
    later killed, it recycled the preemptive claim to deny wrongdoing.

-   **Mariupol Drama Theater**: Despite visible signage indicating
    children were sheltering inside, Russian narratives later accused
    Ukrainian “nationalists” of staging the event.

-   **Kramatorsk Train Station**: Following a missile strike that killed
    civilians, Russia pushed competing claims blaming Ukraine, even
    after clear missile-type evidence pointed to Russian forces.

-   **Olenivka POW Camp:** Russia claimed Ukrainian forces struck their
    own captured soldiers. The story was seeded in advance, aligning
    with a false narrative that Ukraine targets prisoners for silence.

-   **Kakhovka Dam**: Russian narratives emphasized Ukrainian sabotage
    long before the dam's destruction, setting the stage to deny Russian
    involvement even before the explosion occurred.

These incidents showcase a pattern: military action and information
warfare planned in tandem. The use of Telegram channels, state-run news,
embassy 𝕏 accounts, and social media influencers reveals a comprehensive
infrastructure of obfuscation.

### Facilitator of International Crimes

Manufacturing Impunity explores how information alibis may meet
thresholds under international criminal law. Specifically, it assesses
whether disseminating manipulated information that facilitates or
conceals war crimes could meet the standards for individual criminal
liability under Article 25(3)(d) of the Rome Statute—namely,
contributing to crimes committed by a group with a common purpose.

Establishing such liability is complex. It requires proving:

-   The intentional contribution to the criminal plan; - That the
    contribution had a substantial effect on the crime’s execution or
    cover-up; - That the individual was aware of the broader criminal
    context.

Precedent exists. In Prosecutor v. Mladić, the ICTY held that
information manipulation used to obstruct justice and hide atrocities
can constitute a meaningful contribution to genocide.

The implication is profound: information actors—diplomats,
propagandists, even social media figures—may be criminally liable if
their information manipulation materially facilitates war crimes or
hinders accountability.

### Prosecuting Information Alibis

A 2025 report proposes a methodology for investigating and prosecuting
those involved in information manipulation operations tied to war crimes
[@KC2025]. Using the Kakhovka Dam case as a model, it outlines four
steps:

1.  Establish the underlying crime (unlawful targeting of civilians or
    destruction of protected infrastructure).

2.  Trace the information manipulation network, including individuals,
    media outlets, and government entities involved.

3.  Evaluate the limits of protected speech, recognizing that deliberate
    information manipulation supporting criminal conduct may fall
    outside international freedom of expression norms.

4.  Determine the appropriate mode of liability, whether
    co-perpetration, aiding and abetting, or common purpose.

The long-term goal is to move beyond naming and shaming toward legal
accountability for narrative warfare. Information alibis represent a
high-order function of obfuscation, where information manipulation is
not merely a smokescreen, but a tactical enabler of real-world violence.
These narratives serve to delay recognition, deflect legal response, and
sabotage moral clarity. By embedding falsehoods into the very
architecture of events, they disable the mechanisms of accountability
that democratic systems rely on.

In the hybrid doctrine of the Russian Federation, information alibis are
not peripheral—they are strategic assets. They turn language into
camouflage, diplomacy into denial, and information into a battlefield.
Recognizing and dismantling these systems is not just a media
challenge—it is a matter of justice, security, and international law.

# Discussion {#discussion}

While these three mechanisms are core to the Obfuscation function,
attribution-masking behaviors also appear elsewhere:

-   Legitimation operations often embed obfuscation, especially when
    front NGOs, award panels, or think tanks conceal foreign
    sponsorship. - Operational multipliers, such as algorithmic
    amplification and synthetic engagement (bots, fake engagement pods),
    can obscure origin, even if their primary role is to scale. -
    Projection Abroad may involve obfuscated partnerships with
    ideologically aligned foreign groups or actors whose independence is
    nominal.

Only those mechanisms whose primary purpose is to conceal authorship,
sponsorship, or strategic intent are classified within the Obfuscation
function. Covert State Media, Shell Companies, Information Alibis,
Undisclosed Paid Influencers, and Illicit Financial Channels are not
auxiliary tools—they are central instruments designed to undermine the
attribution architecture of open societies. Each operates by severing
the visible link between narrative and sponsor, message and motive,
actor and state.

In the hybrid influence doctrine, obfuscation is not the absence of
truth; rather, it is a deliberate attempt to conceal or mislead. It is
the manipulation of visibility—strategic ambiguity deployed to disable
recognition, delay response, and erode accountability at the speed of
trust."
Operational Multipliers,15,"State-Aligned Organizing,Data Poisoning and Grooming,Social Media Amplification,State-Integrated Criminal Networks,Mil-Bloggers,Platform Manipulation,Train-the-Trainers,Commercial Malign Influence,Celebrity Networks,State-Content Syndicators,Online Influencer Coordination,Exploit Crises ,Localize Content,Campaign Synchronization,Inauthentic Accounts or Engagement","Operational Multipliers are not message creators—they are force expanders. They increase the scale, persistence, and perceived legitimacy of influence operations without altering the core narrative. These mechanisms act across digital, institutional, and commercial environments to simulate popularity, engineer credibility, and embed influence into the informational terrain.

Unlike Legitimation, which draws power from social or institutional prestige, or Obfuscation, which hides the origin of influence, Operational Multipliers extend influence both horizontally and vertically. They make narratives feel urgent, ubiquitous, and endorsed—not through trust in the source, but through repetition, reach, and engineered resonance.

These tools are modular, reusable, and often deniable. Their power lies not in the argument, but in the architecture. They alter the informational environment itself, transforming isolated signals into full-spectrum cognitive environments.","- **Campaign Synchronization**: Coordinated timing and messaging across multiple platforms and actors to create the appearance of organic momentum and widespread support.

- **Celebrity Networks**: Leveraging high-profile personalities and influencers to carry regime-aligned narratives to broad audiences while exploiting parasocial trust.

- **Commercial Malign Influence**: Private firms and digital mercenaries who offer information manipulation as a service, commodifying influence operations and enabling deniability.

- **Data Poisoning and Grooming**: Strategic seeding of biased or false content into AI training datasets to subtly shape future machine outputs and limit epistemic boundaries.

- **Exploit Crises**: Capitalizing on natural disasters, political upheaval, or emergencies to inject narratives when audiences are most vulnerable and information environments most chaotic.

- **Inauthentic Accounts or Engagement**: Fake profiles, bot networks, and coordinated inauthentic behavior designed to fabricate consensus, amplify messages, and manipulate platform metrics.

- **Localize Content**: Adapting regime narratives to local cultural contexts, languages, and grievances to mask foreign origin and increase resonance with target audiences.

- **Mil-Bloggers**: Nationalist or veteran commentators who appear independent but validate regime goals while masking them as grassroots critique.

- **Online Influencer Coordination**: Synchronized networks of online personas who mutually reinforce aligned narratives to simulate consensus and credibility.

- **Platform Manipulation**: Exploiting algorithmic systems, recommendation engines, and platform features to artificially elevate content and suppress opposition.

- **Social Media Amplification**: Systematic use of botnets, trolls, and coordinated sharing to fabricate engagement, engineer virality, and dominate information flows.

- **State-Aligned Organizing**: Foreign-facing activist-style organizations that co-opt local grievances to disseminate regime-aligned narratives under the guise of solidarity.

- **State-Content Syndicators**: Alternative media platforms and aggregators that normalize and embed state propaganda within broader ideological media diets.

- **State-Integrated Criminal Networks**: Embedded criminal groups that execute influence functions covertly, often serving as proxies for state operations.

- **State-Media Partnerships**: Formal collaborations between authoritarian regimes and foreign media outlets to lend legitimacy to state narratives.

- **Train-the-Trainers**: Long-term influence structures that cultivate local actors to propagate aligned messaging organically within their communities.

Together, these mechanisms do not merely amplify messages—they engineer information environments. They convert tactical manipulation into strategic infrastructure, ensuring that influence operations achieve scale, persistence, and the appearance of organic support. Operational Multipliers are foundational to the effectiveness and durability of modern information warfare.","Operational Multipliers are assets, actors, or techniques that amplify and extend the reach and influence of existing information structures, such as media partnerships, intermediaries, social amplification, and distributed messaging efforts.","- **State-Aligned Organizing**: State-aligned social groups mobilize public demonstrations, target dissenting voices, and propagate strategic narratives while maintaining the appearance of independent grassroots activism. This form of information manipulation leverages ostensibly autonomous actors to amplify state interests, obscure direct control, and legitimize contested messages within the public sphere., - **Data Poisoning and Grooming**: Deliberate generation and distribution of tailored content designed to be incorporated into large-scale data repositories and training sets, thereby embedding specific narratives or biases into artificial intelligence outputs. This form of information manipulation exploits the data ingestion processes of machine learning systems to propagate targeted perspectives indirectly through automated responses., - **Social Media Amplification**: Coordinated networks of fabricated or controlled online personas systematically amplify targeted narratives across social media platforms to create artificial consensus and increase message reach. This form of information manipulation leverages synchronized activity and platform algorithms to distort public discourse and shape perceptions by simulating widespread grassroots support., - **State-Integrated Criminal Networks**: State-integrated criminal networks are hybrid structures where organized crime merges with political and intelligence ecosystems to advance regime objectives. Operating through coercion, illicit finance, and corruption, these networks enforce compliance, manage clandestine logistics, and channel resources for influence operations. They function as a parallel arm of governance—a shadow infrastructure of control and profit that fuses criminal enterprise with state power., - **Mil-Bloggers**: Mil-bloggers are ostensibly independent military commentators—often veterans, embedded reporters, or nationalist influencers—who operate as semi-autonomous amplifiers of state narratives. While appearing grassroots or oppositional, they function as a controlled outlet for sanctioned critique, voicing tactical frustrations or battlefield insights that reinforce the regime’s overarching legitimacy and strategic goals. This calculated autonomy enhances credibility: by sounding authentic and unscripted, mil-bloggers can shape public perception more effectively than overt propaganda.
The state leverages this illusion of independence to diffuse accountability and test narrative boundaries, allowing limited dissent within safe ideological limits while suppressing genuinely critical discourse. In practice, mil-bloggers serve as proxy communicators of power—translating official objectives into culturally resonant, emotionally charged commentary that sustains public engagement, deflects blame, and normalizes prolonged conflict without ever disclosing their coordination with state structures., - **Platform Manipulation**: Algorithmic manipulation exploits the rules and features of digital platforms to artificially amplify, suppress, or distort the visibility of information. Coordinated actors systematically engage with content—such as mass liking, sharing, commenting, or reporting—to trigger algorithmic responses that elevate preferred narratives or diminish opposing ones, thereby shaping public perception and discourse without transparent attribution., - **Train-the-Trainers**: State actors develop and deploy intermediaries trained in ideological, strategic, or technical influence techniques who then embed within target communities or organizations to propagate narratives aligned with state objectives. This mechanism transforms external direction into localized, seemingly autonomous activity, allowing influence to spread through trusted social channels rather than overt propaganda. By equipping participants to teach, mobilize, and message within their own networks, it creates a multiplier effect—sustaining and expanding state-aligned narratives while preserving plausible deniability and the appearance of grassroots authenticity., - **Commercial Malign Influence**: Commercial entities now operate as digital mercenaries, offering information manipulation as a paid service rather than an ideological act. These firms—ranging from public relations agencies and data analytics companies to covert influence consultancies—design and execute operations that shape narratives, distort perception, and engineer engagement for whoever can afford them. By commodifying manipulation, they transform influence into a market transaction: tailoring content dissemination, audience targeting, and perception management to the strategic needs of their clients.
This mechanism detaches influence from ideology, creating a global service industry that enables states, corporations, and political actors to outsource propaganda and disinformation with plausible deniability. Campaigns can be scaled rapidly across digital and traditional media, often blending authentic content with synthetic amplification to simulate organic support. In effect, the digital mercenary industry industrializes deception—turning influence itself into an exportable product that circulates freely across borders, platforms, and causes., - **Celebrity Networks**: State actors orchestrate the strategic amplification and cross-referencing of targeted content across multiple independent or semi-independent platforms to fabricate legitimacy and broaden reach. This mechanism leverages perceived endorsement and networked visibility to embed manipulated narratives within diverse information ecosystems, enhancing their persuasive power while obscuring centralized coordination., - **State-Content Syndicators**: State-Content Syndicators are entities—ranging from high-volume aggregators to direct republishers—that systematically collect, recycle, paraphrase, or syndicate material originating from state-controlled or state-aligned sources. They embed this content within broader streams of unrelated information, obscuring provenance and amplifying reach.
Syndicators operate along a spectrum:
- Aggregator-mode: They pull in and remix state-aligned material alongside generic news, commentary, or scraped content, reducing the visibility of the original source and normalizing propaganda within an apparently diverse feed.
- Republisher-mode: They directly mirror or lightly edit state-produced articles, videos, or statements, often targeting foreign audiences and using their own platform’s credibility to launder the narrative.
- Across both modes, the core function remains the same: extend the visibility, lifespan, and perceived independence of state narratives by routing them through intermediate outlets that appear structurally or editorially separate from the originating state., - **Online Influencer Coordination**: Online Influencer Coordination refers to digitally native ecosystems of influencers, amplification pods, and algorithmically linked accounts that synchronize messaging to manufacture visibility and emotional intensity around divisive themes. These networks merge authentic participation with covert or paid promotion, eroding the distinction between genuine expression and orchestrated manipulation. By weaponizing social validation, parasocial trust, and algorithmic feedback loops, coordinated influencers can steer discourse, normalize fringe ideas, and provoke hostility between social groups. The result is an engineered perception of consensus or conflict—a scalable, low-cost mechanism that multiplies the impact of influence operations without requiring overt state control or explicit propaganda infrastructure., - **Exploit Crises **: The strategic timing of influence operations to coincide with emergencies, disasters, conflicts, or periods of acute uncertainty when populations are cognitively vulnerable, emotionally activated, and seeking explanatory narratives. Crises compress decision-making timelines, elevate information-seeking behavior, and reduce critical scrutiny—conditions that amplify message penetration and accelerate narrative adoption. This mechanism multiplies operational impact through temporal positioning rather than volume or network scale., - **Localize Content**: The adaptation of foreign-origin messaging to appear domestically produced through translation, cultural tailoring, and contextual embedding within local grievances, idioms, and media formats. Localization enhances resonance by aligning content with audience expectations and familiar reference points, increasing credibility and shareability while obscuring the external coordination behind its production. The mechanism transforms generic propaganda into contextually authentic discourse., - **Campaign Synchronization**: The deliberate coordination of influence operations across information, diplomatic, economic, and kinetic domains to produce mutually reinforcing psychological effects. Synchronization may involve timing cyberattacks to coincide with disinformation surges, aligning state media narratives with diplomatic messaging, or sequencing economic pressure alongside targeted propaganda. The compounding of effects across domains overwhelms target audiences' capacity to respond coherently, creating the impression of omnipresent pressure while obscuring the unified command behind disparate-seeming events., - **Inauthentic Accounts or Engagement**: Networks of social media or digital accounts—automated, semi-automated, or human-operated—that coordinate to fabricate social proof through artificial amplification. These networks rapidly repost, like, comment on, or share content to manufacture the appearance of public endorsement, expert consensus, or organic popularity. The mechanism exploits both human psychology and platform architecture: audiences use engagement metrics as credibility heuristics, while algorithms interpret high engagement as a relevance signal warranting further promotion. Inauthentic engagement thus triggers a multiplier effect—coordinated activity generates artificial visibility, algorithmic amplification extends reach beyond the network itself, and the resulting social proof encourages genuine users to engage with or share content they might otherwise ignore. Networks range from crude botnets with detectable mechanical patterns to sophisticated operations that age accounts, vary behavior, and blend amplification with unrelated posting to evade detection. The infrastructure serves multiple functions: elevating preferred narratives, anchoring early interpretive frames before organic discourse develops, displacing or drowning competing content, and converting fringe claims into apparently mainstream positions through sheer metric fabrication.",
Projection Abroad,11,"Exploitation of Spirituality,Abuse of Diaspora,Oligarchic Mercenary Company,Corruption Exportation,Election Meddling,Support Autocratic Leaders,Cultural Infrastructure,Fragment Alliances,Malign Foreign Aid,State-Sanctioned Cyber Activity,Mercenary Companies","Projection Abroad encompasses instruments used to extend domestic influence capacity into foreign environments. These include diaspora mobilization, state-aligned aid, and cyber units like Fancy Bear and Killnet. Cultural and religious networks are used to build soft power and shape foreign public perceptions. Nuclear and infrastructure deals become levers of control through elite co-optation. Religious manipulation reframes moral hierarchies to undercut adversaries. All projection efforts aim to reproduce control, legitimacy, and narrative dominance beyond national borders.","**Projection Abroad** encompasses the strategic instruments authoritarian states deploy to extend domestic influence capacity into foreign environments, exploiting the openness of democratic societies while denying reciprocal freedoms at home. These mechanisms include:

- **Abuse of Diaspora**: Exploiting transnational populations through language, kinship ties, and trust networks to conduct influence operations, coerce individuals, hijack community institutions, export surveillance, and manipulate narratives—not reflecting on diaspora communities themselves, but on how hostile states weaponize the social cohesion and freedoms they embody

- **Malign Foreign Aid**: Deploying financial or material assistance to cultivate dependency and political compliance through conditional funding, debt arrangements, or preferential contracts that embed the donor's priorities within recipient governance structures, disguising control as partnership

- **State-Sanctioned Cyber Activity**: Directing or coordinating cyber operations through state actors or proxies (such as Killnet and Fancy Bear) to compromise digital systems, steal information, sabotage infrastructure, leak sensitive data, or manipulate information while masking official involvement to evade attribution

- **Exploitation of Spirituality**: Appropriating religious themes, figures, or institutions to lend authority and emotional resonance to manipulated narratives, exploiting spiritual beliefs to erode trust, incite division, or frame adversaries as hostile to faith communities

- **Support for Autocratic Leaders**: Providing political, economic, informational, or security resources to maintain or strengthen authoritarian regimes, preserving friendly governments and expanding influence through diplomatic backing and material assistance

- **Security Agreements**: Establishing bilateral or multilateral arrangements that legitimize offensive operations and embed influence through dependency, using basing rights, joint task forces, or training missions to shape partner states' security doctrines and threat perceptions

- **Oligarchic Mercenary Companies**: Deploying private military organizations controlled by elite power brokers to provide military services independently of sovereign state command structures, pursuing strategic interests while maintaining plausible deniability

- **Corruption Exportation**: Introducing and normalizing corrupt financial, political, or administrative practices within foreign institutions through bribery, opaque transactions, or patronage networks that cultivate dependency and compromise decision-making autonomy

- **Electoral Meddling**: Laundering regime-authored content through trusted domestic intermediaries to precondition perception and shape how voters and elites interpret electoral stakes, reframing democratic competition as chaos while promoting authoritarian stability

- **Cultural Infrastructure**: Establishing permanent cultural outposts, exchange networks, or educational institutions that serve as soft-power anchors to cultivate sympathetic elites, shape local discourse, and maintain durable influence channels under the guise of cultural diplomacy

These projection efforts represent direct violations of democratic sovereignty—blatant acts of aggression carried out with alarming impunity. The responsibility lies not with targeted communities but with democratic governments that have failed to protect their residents, blurred distinctions between cultural exchange and covert infiltration, and allowed adversarial powers to conduct hostile operations without meaningful consequences. Democratic states must cease mistaking restraint for strength and meet these incursions with clear, coordinated, and uncompromising responses that defend sovereignty as a fundamental state obligation.","Projection Abroad refers to the use of various instruments—such as diaspora mobilization, aid, cyber operations, cultural networks, and strategic deals—to extend a nation's influence, control, and narrative dominance into foreign environments.","'- **Exploitation of Spirituality**: Religious themes, figures, or institutions are appropriated or fabricated to lend authority and emotional resonance to manipulated narratives. This form of information manipulation exploits spiritual beliefs or identities to erode trust, incite division, or undermine adversaries by framing targeted entities as hostile to a faith or its adherents., - **Abuse of Diaspora**: Diaspora communities are not instruments of state control. They are transnational populations shaped by displacement, war, labor migration, or exile, carrying memories, identities, and frequently trauma. Diasporas are not inherently political actors, nor should they be treated as proxies for regimes they fled.
Yet, authoritarian states regularly exploit diaspora communities, capitalizing on language, kinship ties, cultural memories, and trust networks. Just as these regimes abuse open societies' freedoms—free speech protections and democratic tolerance—to launder manipulated information or incite division, they exploit diaspora communities as cover for influence operations. This exploitation reflects not on the diaspora itself, but rather on how hostile states weaponize the social cohesion and freedoms diasporas embody.
Such incursions are part of a broader authoritarian strategy that exploits the openness of liberal societies, including freedom of expression, religious liberty, academic independence, and multicultural pluralism. The issue is not freedom itself, but the asymmetric exploitation of that freedom by regimes that deny such liberties at home.
This issue is not merely about diaspora manipulation. It is fundamentally about democratic failure.
When authoritarian regimes operate within democratic societies—coercing individuals, hijacking community institutions, exporting surveillance, and manipulating narratives—they are not engaging in mere meddling. They are directly violating sovereignty. Such intrusions are not subtle or symbolic; they are blatant acts of aggression carried out with alarming impunity.
The responsibility for these violations lies not with the diaspora communities but with the governments that fail to protect them. Democratic states have repeatedly allowed adversarial powers to conduct hostile operations on their territory, targeting their own residents without meaningful consequences, exposure, or deterrence. They have blurred critical distinctions between cultural exchange and covert infiltration, abandoning exiles who fled authoritarian regimes only to face their oppressors’ reach unimpeded abroad.
This failure creates predictable consequences. Without enforcement, intrusion becomes normalized, and without consequence, boundaries erode. When democratic governments hesitate, adversaries escalate their aggression.
This is not an isolated incident—it is a pervasive pattern occurring openly in capital cities, university campuses, cultural institutions, and digital spaces throughout the democratic world. The message sent to aggressors and allies alike is clear and deeply damaging: democratic sovereignty can be negotiated, harassment and coercion are acceptable if carried out discreetly, and citizen and resident rights are conditionally protected.
This must end.
Democracies must cease mistaking restraint for strength. They must accurately label these incursions as hostile operations and meet them decisively with a clear, coordinated, and uncompromising response.
Sovereignty is not symbolic; it is a state's fundamental obligation. Failing to defend sovereignty—in the name of caution, optics, or inertia—does not enhance democratic principles; it betrays them., - **Oligarchic Mercenary Company**: Oligarchic mercenary companies are private military organizations controlled by elite power brokers or oligarchs, operating independently of sovereign state command structures to provide military services, often pursuing their own strategic interests and maintaining significant influence through wealth and political connections., - **Corruption Exportation**: A mechanism through which state or aligned actors introduce, normalize, or reinforce corrupt financial, political, or administrative practices within foreign institutions. By embedding bribery, opaque transactions, or patronage networks, this approach cultivates dependency and leverage, compromising decision-making autonomy. Corruption exportation transforms systemic corruption into a strategic instrument of coercion and long-term influence., - **Election Meddling**: Electoral meddling refers to the covert projection of a foreign state’s influence into another country’s political process through narrative and institutional manipulation rather than direct vote interference. It operates by laundering regime-authored content—such as research papers, opinion pieces, leaks, or documentaries—through trusted domestic intermediaries like think tanks, universities, NGOs, or media outlets, concealing its origin while borrowing their credibility.
The goal is not to alter ballots but to precondition perception: to shape how voters, elites, and institutions interpret the stakes of the election, the character of its participants, and the legitimacy of its outcome. By embedding foreign narratives within the language of expertise and civic discourse, electoral meddling reframes democratic competition as corruption, chaos, or foreign aggression while promoting authoritarian stability as its antidote., - **Support Autocratic Leaders**: Supporting autocratic leaders involves providing political, economic, or informational resources to maintain or strengthen authoritarian regimes. This mechanism may include diplomatic backing, financial aid, media support, or security assistance, with the aim of preserving friendly governments or expanding influence., - **Cultural Infrastructure**: State actors establish or finance permanent cultural outposts, exchange networks, or educational institutions in foreign environments to extend ideological and operational reach beyond national borders. These entities—such as cultural centers, language institutes, or state-linked academic programs—serve as soft-power anchors that cultivate sympathetic elites, shape local discourse, and maintain durable channels of influence. Operating under the guise of cultural diplomacy, they embed the regime’s narratives within host societies, aligning foreign audiences with its strategic interests. Their primary function is presence projection—building enduring influence capacity under the appearance of cultural cooperation., - **Fragment Alliances**: The act of targeting coalitions, alliances, or multilateral relationships by amplifying tensions, grievances, or policy disagreements between partner states or organizations. Operations may exploit historical disputes, burden-sharing conflicts, or divergent threat perceptions to erode trust and coordination capacity among adversaries. By weakening collective defense arrangements or diplomatic alignment, fragmentation reduces the coherence and effectiveness of opposing blocs while creating opportunities for bilateral exploitation of isolated members., - **Malign Foreign Aid**: Malign foreign aid involves the strategic deployment of financial or material assistance to foreign governments, organizations, or communities not to promote development, but to cultivate dependency and political compliance. Under the guise of humanitarian relief, infrastructure investment, or capacity-building, aid is structured to create enduring leverage—binding recipients through conditional funding, debt, or preferential contracts that align their policies with the donor’s geopolitical objectives.
This mechanism transforms assistance into a coercive instrument of influence, embedding the provider’s priorities within the recipient’s governance and decision-making structures. By coupling generosity with obligation, malign foreign aid disguises control as partnership, advancing authoritarian or strategic interests while maintaining the façade of benevolent international engagement., - **State-Sanctioned Cyber Activity**: State-affiliated or controlled malicious cyber activity

Cyber operations are directed or coordinated by state actors or their proxies to compromise, disrupt, or exploit digital systems. These activities serve state interests by stealing information, sabotaging infrastructure, or manipulating data, while often masking official involvement to evade attribution and accountability.

Killnet

A coordinated group conducts disruptive cyber campaigns, such as distributed denial-of-service attacks, on behalf of state-aligned interests. These operations target foreign entities to intimidate, coerce, or retaliate, leveraging plausible deniability and amplifying the perception of grassroots or hacktivist action.

Fancy Bear

A state-directed cyber unit systematically infiltrates networks to collect intelligence, leak sensitive data, or undermine adversaries. Operations employ sophisticated intrusion techniques, exploit vulnerabilities, and disseminate compromised information to advance geopolitical objectives while obscuring direct state responsibility., - **Mercenary Companies**: Oligarchic mercenary companies such as the Wagner Group represent a sophisticated evolution of state violence: a fusion of military coercion, commercial exploitation, and narrative warfare—all under the veil of deniability. These organizations function not as rogue actors but as extralegal arms of the regime, used to project power, maintain plausible deniability, and entrench influence across global theaters.
Though labeled a “private military company” (PMC), Wagner has never operated independently [58–60]. Ex-GRU commander Dmitry Utkin founded the organization, which was effectively run by the Russian oligarch Yevgeny Prigozhin, whose tight relationships with Russian intelligence and defense leaders have been extensively documented [61]. 
Investigations have revealed that Wagner operatives were trained at facilities adjacent to the GRU in Molkyno, and that Prigozhin maintained regular contact with senior figures, including Defense Minister Sergei Shoigu and GRU General Alexey Dyumin. Wagner's command structure thus lies within the orbit of Russian military intelligence, and its operational freedom depends on state protection [62,63].
Despite its nominal illegality—private military companies remain neither fully legal nor banned under Russian law—Wagner was heavily deployed by the Russian state in Crimea, Donbas, Syria, Libya, Sudan, the Central African Republic (CAR), and Mali [64–70]. 
Wagner performed state-like functions in many regions: training foreign forces, managing VIP protection, conducting election influence campaigns, extracting resources (notably gold, oil, and rare minerals), and targeting journalists. In CAR alone, Wagner operatives have been implicated in murders of investigative reporters, UN-targeted attacks, and systematic extrajudicial executions [71,72].
The company also oversaw front entities, such as AFRIC (Association for Free Research and International Cooperation) and Africa Back Office, which were tasked with developing and deploying influence strategies—combining military intimidation with politically driven propaganda, economic infiltration, and ethnographic manipulation [49,73,74]. These units coordinated directly with Russia’s Ministry of Foreign Affairs and Ministry of Defense, collapsing the public-private divide.
Oligarchic mercenary companies like Wagner operate in both the physical and cognitive planes, while helping a regime specifically avoid things like diplomatic recognition:
- Physically, they act as an irregular army, capable of force projection, regime protection, and deterrence [17,65,73,75].
- Cognitively, they instill fear, signal regime reach, suppress journalism, and provide “muscle” for hybrid influence campaigns [73,76,77].
Their utility lies in strategic ambiguity. Wagner can be activated globally without triggering formal war thresholds or diplomatic consequences. When caught, it is disavowed. When successful, it reshapes realities in favor of Russian interests—militarily, economically, and ideologically.
Even after the failed 2023 mutiny and the apparent death of Prigozhin, Wagner’s model has persisted. Reports suggest that its activities are fragmented into successor companies, such as RPOST-M LLC in Syria, which continue operations under new names while preserving structural continuity [78]. This modular restructuring allows the Kremlin to maintain the strategic value of coercive proxy forces while diffusing liability and reasserting control.
In this way, oligarchic mercenary companies are not merely battlefield tools. They are command-and-control extensions of the regime itself, carrying out geopolitically sensitive missions that no formal institution could claim—and no adversary can easily counter [49,60,72,79,80].","Projection Abroad encompasses instruments used to extend domestic influence capacity into foreign environments. These include diaspora mobilization, state-aligned aid, and cyber units like Fancy Bear and Killnet. Cultural and religious networks are utilized to establish soft power and influence foreign public perceptions. Nuclear and infrastructure deals become levers of control through elite co-optation. Religious manipulation reframes moral hierarchies to undercut adversaries. All projection efforts aim to reproduce control, legitimacy, and narrative dominance beyond national borders.

# Overview

Projection Abroad encompasses the deployment of influence mechanisms outside a state’s borders to shape foreign environments in ways that advance domestic strategic priorities. This is not about conventional soft power. It is about strategic extrusion: extending control, legitimacy, and narrative dominance into foreign systems using a range of instruments, from covert cyber units to cultural diplomacy and religious manipulation.

Unlike Operational Multipliers, which scale influence within an ecosystem, or Legitimation, which manufactures credibility around a message, Projection Abroad places assets inside foreign societies. These mechanisms manipulate host-country institutions, identities, and public opinion by embedding strategic narratives and capabilities in organic or independent entities.

Projection is not passive outreach—it is embedded activation. These tactics simulate local resonance while serving foreign state agendas through diaspora mobilization, targeted foreign aid, cyber campaigns, or cultural and religious proxies.

# Varieties

## Abuse of Diaspora

Diaspora communities are not instruments of state control. They are transnational populations shaped by displacement, war, labor migration, or exile, carrying memories, identities, and frequently trauma. Diasporas are not inherently political actors, nor should they be treated as proxies for regimes they fled.

Yet, authoritarian states regularly exploit diaspora communities, capitalizing on language, kinship ties, cultural memories, and trust networks. Just as these regimes abuse open societies' freedoms—free speech protections and democratic tolerance—to launder manipulated information or incite division, they exploit diaspora communities as cover for influence operations. This exploitation reflects not on the diaspora itself, but rather on how hostile states weaponize the social cohesion and freedoms diasporas embody.

Such incursions are part of a broader authoritarian strategy that exploits the openness of liberal societies, including freedom of expression, religious liberty, academic independence, and multicultural pluralism. The issue is not freedom itself, but the asymmetric exploitation of that freedom by regimes that deny such liberties at home.

This issue is not merely about diaspora manipulation. It is fundamentally about democratic failure.

When authoritarian regimes operate within democratic societies—coercing individuals, hijacking community institutions, exporting surveillance, and manipulating narratives—they are not engaging in mere meddling. They are directly violating sovereignty. Such intrusions are not subtle or symbolic; they are blatant acts of aggression carried out with alarming impunity.

The responsibility for these violations lies not with the diaspora communities but with the governments that fail to protect them. Democratic states have repeatedly allowed adversarial powers to conduct hostile operations on their territory, targeting their residents without meaningful consequences, exposure, or deterrence. They have blurred critical distinctions between cultural exchange and covert infiltration, abandoning exiles who fled authoritarian regimes only to face their oppressors’ reach unimpeded abroad.

This failure creates predictable consequences. Without enforcement, intrusion becomes normalized, and without consequence, boundaries erode. When democratic governments hesitate, adversaries escalate their aggression.

This is not an isolated incident—it is a pervasive pattern occurring openly in capital cities, university campuses, cultural institutions, and digital spaces throughout the democratic world. The message sent to aggressors and allies alike is clear and deeply damaging: democratic sovereignty can be negotiated, harassment and coercion are acceptable if carried out discreetly, and citizen and resident rights are conditionally protected.

This must end.

Democracies must cease mistaking restraint for strength. They must accurately label these incursions as hostile operations and meet them decisively with a clear, coordinated, and uncompromising response.

Sovereignty is not symbolic; it is a state's fundamental obligation. Failing to defend sovereignty—in the name of caution, optics, or inertia—does not enhance democratic principles; it betrays them.

## Cultural Infrastructure

State actors establish or finance permanent cultural institutions, educational centers, and exchange networks abroad to entrench influence within foreign societies. Unlike short-term cultural initiatives, these structures operate as durable nodes of projection, designed to sustain ideological, linguistic, and relational continuity across generations.

Operating under the banner of *cultural diplomacy*, they embed regime personnel, narratives, and funding within host-country institutions, shaping perception from inside trusted civic and academic spaces. Through language instruction, research partnerships, cultural centers, and “friendship societies,” these entities function as soft-power outposts that both disseminate national ideology and cultivate networks of sympathetic elites.

Soviet *friendship societies*, for example, targeted foreign youth, artists, and writers, drawing them into curated experiences that celebrated Marxist values [@CIA1955; @HUANG2019]. Contemporary analogs include Russian cultural centers and Confucius Institutes, which China supports, as well as programs that curate images of peaceful, traditionalist, or anti-imperialist regimes while avoiding critical scrutiny [@RUSKIDOMRS2023; @HYBRID_WARFARE_ANALYTICAL_GROUP20211; @states2019; @GAO2023].

The core objective is presence projection—to reproduce domestic systems of narrative control abroad, ensuring that cultural familiarity evolves into political alignment.

- Post-Soviet adaptations blend cultural outreach with academic collaboration. Entities such as the Russian International Affairs Council and the Russkiy Mir Foundation combine genuine scholarship with narrative engineering [@HYBRID_WARFARE_ANALYTICAL_GROUP20211; @konrek2025; @BAPTISTE2018; @KAMYSHANSKAYA2021; @REDDEN2013].

- Russkiy Mir promotes the Russian language and culture abroad while sponsoring conferences and publications that advance the *“Russian World”* ideology—a civilizational framework linking culture to territorial destiny [@HYBRID_WARFARE_ANALYTICAL_GROUP20211; @konrek2025; @montenegro].

- GAO reports on Confucius Institutes document contractual provisions granting Beijing control over programming and personnel, embedding propaganda under the pretense of language education [@GAO2023; @states2019; @HUANG2019].

A more recent example:

- Leaked documents show that Aleksandr Chepurnoy, director of the Russian cultural center in Alicante, coordinated anti-NATO actions and Moscow-aligned protests in Spain, even after EU sanctions targeted his state-linked foundation, Pravfond [@MISSING_xgql; @MISSING_nvg9; @MISSING_NoVD]. Chepurnoy organized pressure campaigns—including blocking a photo exhibit on Russian war crimes—and cultivated local allies to advance Kremlin interests. Despite sanctions, Pravfond continued funding influence operations across Europe, often working with intelligence operatives, and has faced similar scrutiny in Australia and elsewhere [@MISSING_NoVD].

## Malignant Foreign Aid

Foreign assistance is typically framed as development, relief, or capacity-building. Malignant foreign aid subverts this model by utilizing economic support as a means of political dependency and a strategic compliance lever.

By funding specific infrastructure, security sectors, or political movements, regimes create embedded obligations in recipient governments. This aid comes with implicit expectations: silence on human rights, support in multilateral fora, or alignment in media narratives.

The power of this mechanism lies in its duality: it appears benevolent but functions coercively. It fosters asymmetrical relationships masked by humanitarian language.

## Oligarchic Mercenary Companies

Oligarchic mercenary companies such as the Wagner Group represent a sophisticated evolution of state violence: a fusion of military coercion, commercial exploitation, and narrative warfare—all under the veil of deniability. These organizations function not as rogue actors but as extralegal arms of the regime, used to project power, maintain plausible deniability, and entrench influence across global theaters.

Though labeled a “private military company” (PMC), Wagner has never operated independently [@GOSTEV2016; @https; @csis]. Ex-GRU commander Dmitry Utkin founded the organization, which was effectively run by the Russian oligarch Yevgeny Prigozhin, whose tight relationships with Russian intelligence and defense leaders have been extensively documented [@OCCRP2025].

Investigations have revealed that Wagner operatives were trained at GRU-adjacent facilities in Molkyno and that Prigozhin maintained regular contact with senior figures, including Defense Minister Sergei Shoigu and GRU General Alexey Dyumin. Wagner's command structure thus lies within the orbit of Russian military intelligence, and its operational freedom depends on state protection [@sergei; @REUTERS20247].

Despite its nominal illegality—private military companies remain neither fully legal nor banned under Russian law—Wagner was heavily deployed by the Russian state in Crimea, Donbas, Syria, Libya, Sudan, the Central African Republic (CAR), and Mali [@WIKIPEDIA_CONTRIBUTORS20241; @BER2023; @syria2025; @ELBAGIR2023; @WIKIPEDIA_CONTRIBUTORS20255; @LEBEDEV2024; @HRW20221].

Wagner performed state-like functions in many regions: training foreign forces, managing VIP protection, conducting election influence campaigns, extracting resources (notably gold, oil, and rare minerals), and targeting journalists. In CAR alone, Wagner operatives have been implicated in murders of investigative reporters, UN-targeted attacks, and systematic extrajudicial executions [@MUDGE2020; @DOXSEE2022].

The company also oversaw front entities, such as AFRIC (Association for Free Research and International Cooperation) and Africa Back Office, which were tasked with developing and deploying influence strategies—combining military intimidation with politically driven propaganda, economic infiltration, and ethnographic manipulation [@department; @US_DEPARTMENT_OF_STATE2022; @cooperation]. These units coordinated directly with Russia’s Ministry of Foreign Affairs and Ministry of Defense, collapsing the public-private divide.

Oligarchic mercenary companies like Wagner operate in both the physical and cognitive planes while helping a regime specifically avoid things like diplomatic recognition:

- Physically, they act as an irregular army, capable of force projection, regime protection, and deterrence.

- Cognitively, they instill fear, signal regime reach, suppress journalism, and provide “muscle” for hybrid influence campaigns.

Their utility lies in strategic ambiguity. Wagner can be activated globally without triggering formal war thresholds or diplomatic consequences. When caught, it is disavowed. When successful, it reshapes realities in favor of Russian interests—militarily, economically, and ideologically.

Even after the failed 2023 mutiny and the apparent death of Prigozhin, Wagner’s model has persisted. Reports suggest that its activities are fragmented into successor companies, such as RPOST-M LLC in Syria, which continue operations under new names while preserving structural continuity [@ref]. This modular restructuring allows the Kremlin to preserve the strategic value of coercive proxy forces while diffusing liability and reasserting control.

In this way, oligarchic mercenary companies are not merely battlefield tools. They are command and control extensions of the regime itself, carrying out geopolitically sensitive missions that no formal institution could claim—and no adversary can easily counter.

## Spiritual Exploitation

Spiritual exploitation refers to the deliberate appropriation and instrumentalization of religious symbols, language, institutions, and identities for strategic political or ideological objectives. Within the framework of Soviet and post-Soviet information operations, this tactic functions as a powerful tool to mobilize emotional resonance, construct legitimacy, and neutralize dissent.

At the core of spiritual exploitation lies the conversion of metaphysical authority into political capital. Religious symbols—such as crosses, cathedrals, saints, and rituals—are repurposed to imbue political narratives with transcendent significance. The state positions itself as the guardian of “traditional values” or a divinely sanctioned moral order. In doing so, it cloaks strategic interests in sacred rhetoric, making policy appear preordained and morally unassailable.

This mechanism often involves the blurring of secular and spiritual vocabularies. Terms like “decadence,” “redemption,” and “civilizational mission” enter geopolitical discourse, allowing ideological goals to be framed not as contingent preferences but as existential imperatives [@ELKNER2005].

Spiritual exploitation enables regimes to manufacture a moral high ground from which to launch ideological offensives. This is particularly salient in diasporic or post-colonial environments, where religious identity may serve as a key marker of belonging and resistance.

For example, Russia’s post-2000 turn toward “Orthodox nationalism” uses the Russian Orthodox Church to portray the Kremlin as the rightful heir to a besieged civilizational heritage [@BRATERSKY2012; @EUROPEAN_UNION2022; @PAYNE2010; @EUROPEAN_VALUES2012]. This narrative casts the West as spiritually degenerate and morally corrupt, thereby justifying both domestic authoritarianism and foreign intervention as acts of civilizational defense [@STOECKL2020; @montenegro2025; @montenegro2023; @ELKNER2005].

By co-opting religious identity, the state extends its influence over ethno-religious diasporas. The concept of the *Russkiy Mir* (“Russian World”) exemplifies this, weaving together language, culture, and Orthodox Christianity into a framework of soft power that spans borders [@HYBRID_WARFARE_ANALYTICAL_GROUP20211; @montenegro2025]. The effect is a form of “soft annexation,” where cultural and religious affinity becomes a pathway to political allegiance [@SHIKEROVA2022; @montenegro2025; @EUROPEAN_VALUES2012].

In these contexts, spiritual discourse is not merely persuasive—it is immunizing. By operating in the register of the sacred, it renders counter-narratives suspect or sacrilegious. Dissent is not just disagreement; it is heresy.

This exploitation is particularly effective when aligned with genuine structures of belief. When state narratives align with sincerely held spiritual values, they elicit genuine affirmation rather than resistance. Such operations operate beneath the threshold of critical scrutiny, engaging audiences at the level of identity and existential security.

The use of spiritual vocabulary also provides aesthetic and emotional depth to propaganda. Visuals of candlelit processions, clerical blessings of weapons, and references to divine missions or martyrdom engage the limbic system, circumventing rational critique.

Spiritual exploitation is not just symbolic; it is strategically rationalized. As Soviet active measures manuals and GRU psychological warfare training have indicated, emotional and symbolic mobilization are central to effective influence operations. In hybrid warfare, the fusion of spiritual, cultural, and informational vectors can erode the epistemic boundaries between religion and politics, truth and myth, thereby generating cognitive ambiguity in target populations.

## State-Sanctioned Cyber Activity

Cyber operations executed by state-directed units or regime-aligned “hacktivist” groups represent the digital vanguard of projection. These campaigns target foreign governments, journalists, companies, and civil infrastructure to exfiltrate data, disrupt operations, or leak curated material that serves the regime’s strategic narrative.

Notable units, such as Fancy Bear (APT28), conduct persistent intrusions, intelligence gathering, and targeted leaks designed to undermine trust, foment division, or damage political adversaries [@methods; @ROUSSI2022]. Groups like Killnet, while presenting as grassroots or criminally independent, execute coordinated disruptive campaigns (DDoS attacks) in alignment with state interests.

These actors operate in the liminal space between espionage and narrative warfare—covert in operation, but overt in impact. Their goal is not merely to collect secrets but to reshape public perception through digital coercion.

## A Platform for Asymmetric Leverage

Projection mechanisms do not simply send messages—they install capabilities. They recreate the operational logic of domestic control in foreign environments, utilizing familiar institutions—such as aid, religion, civil society, and cyber infrastructure—as platforms for asymmetric leverage.

They are often challenging to identify because they co-opt legitimate forms. Cultural exchange becomes cultural conditioning. Humanitarian aid becomes a political tethering. Religious affinity becomes ideological fusion. Electoral engagement becomes information laundering.

Projection abroad is not an invasion. It is integration with intent—the quiet reproduction of regime influence beneath the skin of another society.

In the chapters ahead, we examine more disruptive functions: Sabotage, which targets cohesion, and Obfuscation, which hides the hand. Projection is neither, but it sets the conditions for both."
Sabotage,11,"Covert Criminal Activity,Destructive Cyber Operations,Terrorism,Elevate Extremists,Stoking Intergroup Conflict,Malicious Software,Infrastructure Targeting,Irregular Attacks,Foment Violence,Cognitive Attrition,Information Pollution","Sabotage encompasses deliberate actions designed to destabilize, fragment, or degrade adversaries through destructive rather than persuasive means. Unlike legitimation or obfuscation, sabotage operates by directly impairing social cohesion, institutional function, psychological resilience, or material systems, converting disruption into strategic advantage. Its objective is not belief or ambiguity, but damage—to trust, capacity, or continuity.","**Sabotage** encompasses deliberate actions designed to destabilize, fragment, or degrade adversaries through **destructive rather than persuasive means**. Unlike legitimation or obfuscation, sabotage operates by **directly impairing social cohesion, institutional function, psychological resilience, or material systems**, converting disruption into strategic advantage. Its objective is not belief or ambiguity, but **damage**—to trust, capacity, or continuity. Sabotage operates across psychological, social, digital, and physical domains and includes the following core mechanisms:

* **Stoking Intergroup Conflict**, which amplifies or fabricates grievances between social, ethnic, religious, or political groups to generate hostility, fear, and mistrust. By exploiting real or perceived injustices, this mechanism fragments social cohesion and destabilizes governance from within.

* **Demoralization Campaigns**, which systematically disseminate narratives emphasizing decline, futility, or inevitable defeat in order to weaken psychological resilience, paralyze collective response, and erode willingness to resist or recover from crisis.

* **Boosting Extremism**, which covertly supports radical or polarizing movements to deepen social divisions, delegitimize moderate voices, and normalize political or social instability as an enduring condition.

* **Fomenting Violence**, in which external actors deliberately incite, normalize, or catalyze violence by encouraging domestic actors to adopt violent tactics, glorifying political violence, or framing violence as necessary or defensive—outsourcing disruption while preserving deniability.

* **Terrorism**, where non-state actors employing violence and intimidation are created, directed, or exploited by state actors to destabilize adversaries under conditions of plausible deniability.

* **Malicious Software**, deliberately designed to infiltrate, disrupt, or compromise digital systems and networks for espionage, data theft, or infrastructure disruption, undermining operational continuity and public trust.

* **Destructive Cyber Operations**, involving overt or covert digital actions that degrade, disable, or exploit foreign information systems, often serving as force multipliers that combine technical precision with strategic ambiguity.

* **Infrastructure Targeting**, which disrupts or destroys physical or digital systems essential to societal functioning—such as energy grids, transportation networks, communications, or financial infrastructure—through direct attack, cyber intrusion, or supply-chain manipulation.

* **Irregular or Small-Scale Kinetic Attacks**, including arson, sabotage, tampering, or directed physical damage that produces visible disruption, physical risk, and psychological shock without rising to the level of formal warfare.

* **Political Party or Institutional Infiltration**, where operatives penetrate organizations to degrade internal cohesion, redirect agendas, sabotage decision-making processes, and neutralize opposition from within under the appearance of lawful participation.

Together, these mechanisms corrode democratic and social resilience by **breaking systems rather than convincing audiences**. Sabotage converts disruption into governance failure, fear into fragmentation, and localized damage into systemic instability—often without a single narrative needing to succeed.
 ","Sabotage functions are explicitly destructive actions aimed at destabilizing, dividing, or degrading adversaries through tactics like corruption, disinformation, and covert acts, ultimately eroding social and institutional resilience from within.","'- **Covert Criminal Activity**: Covert criminal activity refers to the deliberate use of illicit actors, criminal networks, or unlawful operations to execute influence objectives that a state cannot carry out overtly. These activities are structured to appear as independent criminality while serving strategic political purposes—whether to intimidate, destabilize, fabricate social tensions, or mask the state’s involvement. Covert criminal activity weaponizes illegality to degrade institutions, intimidate populations, and create plausible deniability for actions that would be politically or diplomatically costly if openly attributed to a regime. This mechanism is distinct from organic criminal behavior. It involves state-enabled, state-aligned, or state-directed criminal acts that serve geopolitical or informational objectives while exploiting the opacity, expendability, and deniable nature of criminal actors., - **Destructive Cyber Operations**: Covert or overt digital actions conducted to compromise, disrupt, or exploit foreign information systems. These operations include network intrusions, data manipulation, information theft, and digital sabotage aimed at degrading institutional capacity or undermining public confidence. Cyber operations serve as a force-multiplier for sabotage by merging technical precision with strategic ambiguity., - **Terrorism**: A non-state actor that employs violence, intimidation, and propaganda to achieve political, ideological, or religious objectives. Within sabotage functions, terrorist groups may be created, directed, or exploited by state actors to destabilize adversaries, generate chaos, or advance geopolitical interests under conditions of plausible deniability., - **Elevate Extremists**: A destabilization tactic that provides financial, material, or informational support to extremist or polarizing groups in order to deepen social divisions and weaken institutional cohesion. By artificially amplifying the visibility and influence of radical movements, this mechanism fosters internal conflict, delegitimizes moderate voices, and distracts from coordinated external objectives while concealing the origin of support., - **Stoking Intergroup Conflict**: A divisive influence mechanism that amplifies or fabricates grievances between social, ethnic, religious, or political groups to foster hostility, mistrust, and fear of one another. It deliberately encourages anxiety and suspicion between communities by highlighting or inventing threats, real or imagined, exploiting real or perceived injustices to fragment social cohesion, redirect public attention, and destabilize governance structures., - **Malicious Software**: Malicious software (malware) deliberately designed to infiltrate, disrupt, or compromise digital systems and networks. Malware can be used for espionage, data theft, infrastructure disruption, or system degradation, serving both as a technical enabler and as a direct instrument of sabotage. It undermines operational continuity and public trust by exploiting the interconnectedness of critical digital environments., - **Infrastructure Targeting**: A deliberate effort to disrupt, degrade, or destroy physical or digital systems essential to societal functioning—such as energy grids, transportation networks, communication systems, or financial infrastructure. Infrastructure targeting undermines stability and erodes public confidence by converting technical disruptions into systemic failures.
This mechanism operates through direct attacks, cyber intrusions, supply chain manipulation, or deliberate neglect of maintenance, exploiting interdependence within critical systems to produce disproportionate political and psychological effects., - **Irregular Attacks**: Irregular attacks are deliberate, physical acts of sabotage (explosions, arson, cutting or damaging infrastructure, directed collisions, or physical tampering) intended to degrade, disable, or destroy material systems and to intimidate or coerce populations and governments. As a sabotage mechanism, they differ from cyber-only operations because they cause material damage, pose physical risks to people, and produce highly visible disruption that can shift political calculations and public sentiment. These are generally not considered to rise to the level of an act of war., - **Foment Violence**: The deliberate provocation, incitement, or normalization of violence within a target society by external actors seeking destabilization. This mechanism operates through multiple channels: infiltrating or manipulating genuine domestic movements to encourage violent tactics; amplifying calls to violence across social media and messaging platforms; glorifying or justifying political violence to shift perceived norms of acceptable action; and seeding rhetoric that frames violence as necessary, inevitable, or defensive. The goal is not direct perpetration but catalysis—triggering domestic actors to engage in violence that fractures social cohesion, delegitimizes institutions, overwhelms security capacity, and creates pretexts for further intervention or narrative exploitation. By outsourcing violence to local actors, external operators maintain deniability while generating chaos that serves strategic objectives., - **Cognitive Attrition**: Sustained multi-vector pressure designed to exhaust a population's critical thinking capacity, emotional resilience, and willingness to engage with complex information over time. Rather than seeking immediate persuasion, cognitive attrition degrades the target's long-term ability to process, evaluate, and respond to information—producing apathy, cynicism, and withdrawal from public discourse. The mechanism treats attention and cognitive endurance as finite resources to be depleted through persistent exposure to contradictory claims, manufactured outrage, and unresolvable uncertainty., - **Information Pollution**: The deliberate saturation of institutional capacity through volume, obligation, or persistence to degrade governance function without direct attack. This mechanism exploits the structural commitments of rule-of-law societies—due process, humanitarian duty, transparency requirements, emergency response protocols—by engineering conditions that compel continuous institutional engagement regardless of strategic intent or available resources. Overload operates through three primary vectors: procedural flooding, which saturates legal, regulatory, or administrative systems with formally valid but substantively abusive filings, complaints, or challenges that institutions are obligated to process; humanitarian strain, which manipulates or prolongs human need to force morally and legally non-optional responses that consume state capacity and constrain political choice; and response saturation, which engineers persistent incident conditions that lock agencies into continuous reactive mode, eliminating recovery time and strategic planning. The common logic is the conversion of institutional obligation into governance burden—forcing systems to respond to volume rather than merit, crisis rather than priority, and procedure rather than substance. Institutions remain nominally operational but permanently degraded, trapped in reactive triage while core functions atrophy. The mechanism is particularly effective against democracies, whose commitments to process, rights, and humanitarian norms create exploitable attack surfaces that authoritarian systems do not share.",
Suppressing Dissent,10,"Extrajudicial Killings,Economic Coercion,Lawfare,Repression,Demoralization Campaigns,Intimidation and Harassment,Hostage Diplomacy,Visa Denials,Forced Confessions,Banned Platforms","The systematic targeting of individuals, organizations, and information channels that challenge regime narratives, policies, or legitimacy. This function encompasses the full spectrum of coercive measures—from surveillance and legal harassment to economic strangulation and lethal violence—deployed to eliminate opposition voices, deter potential critics, and induce anticipatory self-censorship across society. Unlike sabotage, which degrades adversary capacity, suppressing dissent disciplines information production at its source by making the personal costs of independent inquiry prohibitive. The function operates domestically to enforce narrative conformity within regime territory and transnationally to pursue exiles, intimidate diaspora communities, and neutralize critics beyond jurisdictional reach. The cumulative effect is not silence in the traditional sense but the managed domestication of discourse—a condition in which the boundaries of acceptable speech are enforced less by explicit censorship than by internalized risk calculation. True command and control is impossible without this disciplinary architecture; regimes must not only generate narratives but prevent unauthorized accounts from gaining traction.","'- **Abuse of Diaspora**: Authoritarian states exploit diaspora communities—capitalizing on language, kinship ties, cultural memories, and trust networks—as cover for influence operations and transnational repression. This exploitation weaponizes the social cohesion and freedoms diasporas embody, targeting exiles who fled authoritarian regimes only to face their oppressors' reach abroad. The mechanism reflects asymmetric exploitation of open societies: regimes that deny liberties at home leverage democratic tolerance to coerce individuals, hijack community institutions, export surveillance, and manipulate narratives within host countries.

- **Demoralization Campaigns**: The systematic dissemination of narratives emphasizing decline, futility, or inevitable defeat to weaken psychological resilience and collective morale. By amplifying despair and cynicism, demoralization campaigns seek to paralyze social response, reduce trust in leadership, and erode willingness to resist or recover from crisis.

- **Economic Coercion**: State actors deploy economic leverage—such as conditional aid, preferential trade terms, or the threat of withholding essential goods—to induce compliance, punish dissent, or extract political concessions. This coercion exploits economic dependencies or vulnerabilities to suppress opposition without direct physical force, targeting individuals, organizations, or entire states whose positions conflict with regime interests.

- **Extrajudicial Killings**: Precision assassinations of defectors, dissidents, journalists, intelligence insiders, or others who challenge the regime's ability to dictate truth. These operations are covert in planning but conspicuous in effect—exotic poisons, symbolic timing, and signature methods choreograph fear rather than merely eliminate threats. The killings operate across physical, cognitive, and relational planes: removing strategic threats, sowing fear and uncertainty, and signaling that betrayal carries irrevocable cost.

- **Lawfare**: The strategic weaponization of legal processes and regulatory frameworks to burden, intimidate, or delegitimize independent organizations and media. This includes Strategic Lawsuits Against Public Participation (SLAPPs), ""foreign agent"" designations, and criminal charges deployed to tie dissenters down in legal or financial precarity. The mechanism uses judicial and administrative measures to restrict dissenting voices and create climates of self-censorship without overt censorship.

- **Repression**: The use of violence, coercion, and systematic pressure by state forces against civilians, protesters, and knowledge producers. Repression encompasses physical intimidation (arrests, raids, disappearances, detention), surveillance and harassment, discrediting campaigns, infrastructural throttling (revoking licenses, dissolving NGOs, denying funding), and digital interference (account suspensions, spyware, deepfakes). The targeting of journalists, academics, scientists, activists, and whistleblowers fosters self-censorship and erodes independent inquiry, ensuring public knowledge aligns with regime interests. The purpose is to instill anticipatory obedience—a condition where individuals self-censor not because they are explicitly silenced but because they have learned to calculate risk.","The systematic targeting of individuals, organizations, and information channels that challenge regime narratives, policies, or legitimacy through coercive measures—from surveillance and legal harassment to economic strangulation and lethal violence—designed to eliminate opposition voices, deter potential critics, and induce anticipatory self-censorship both domestically and transnationally.","'- **Extrajudicial Killings**: Extrajudicial killings are among the most chilling instruments of command and control. These are precision assassinations of defectors, dissidents, journalists, intelligence insiders, or anyone who has seen or known too much. These killings often take place well beyond the regime’s territorial borders. Their aim is both tactical and psychological.
These acts are deliberately narrow in scope but enormous in symbolic weight. A single hit, staged so that attribution is obvious but deniable, can have the impact of a thousand arrests. The assassinations of Alexander Litvinenko (poisoned with polonium-210 in London, 2006), Anna Politkovskaya (shot outside her Moscow apartment in 2006), and Sergei Skripal (targeted with Novichok nerve agent in the UK, 2018) are a few examples. In each case, someone was challenging the regime’s ability to dictate the truth [83–85].
These operations are covert in planning and conspicuous in effect. Exotic poisons, symbolic timing, and signature methods are not accidents—they are semiotic. Politkovskaya was murdered on Putin’s birthday [83]. The nerve agent used against Skripal could only have come from Russia. The goal is not merely to kill, but to choreograph fear.
Functionally, extrajudicial killings operate across three planes:
- Physical: eliminating strategic threats.
- Cognitive: sowing fear and uncertainty.
- Relational: signaling betrayal carries irrevocable cost.
The message is consistent: “No one is beyond reach. Loyalty is permanent. Betrayal is fatal.” These killings serve not only to erase individuals but to extinguish information, fracture opposition, and dissuade defection [86–89]. In modern command architecture, extrajudicial assassination is enforcement, narrative control, and elite discipline—made lethal by design., - **Economic Coercion**: State actors deploy economic leverage—such as conditional aid, preferential trade terms, or the threat of withholding essential goods—to induce compliance, punish dissent, or extract political concessions from other states. This form of coercion exploits economic dependencies or vulnerabilities to achieve strategic objectives without direct military force., - **Lawfare**: Legal processes and regulatory frameworks are strategically employed by authorities to burden, intimidate, or delegitimize independent organizations and media. This form of information manipulation uses judicial and administrative measures to restrict dissenting voices, disrupt critical reporting, and create a climate of self-censorship without overt censorship., - **Repression**: Repression as defined by ACLED:
Repression refers to the use of violence by state forces against civilians or protesters. Understanding repression is essential to assessing how governments respond to dissent, protests, and disorder. These actions often signal broader patterns of state control, civil rights, and human rights violations, and may escalate into broader political crises, potentially leading to insurgencies or other forms of conflict. 
To define repression, we examined the role of state actors in perpetrating violence against civilians and protesters. ACLED data already classifies events by disorder type — indicating whether an event is politically violent in nature — and actor interactions. This allows analysts to highlight violent events where state forces specifically interact with civilians or protesters across all event types (except for events that do not involve the use of force or violence).
The repression category consists of all political violence events that include an interaction between state forces and civilians or peaceful protesters, across any disorder type except Strategic Developments. This typically includes sub-event types like “Abduction and forced disappearance,” “Excessive force against protesters,” or “Sexual violence,” offering a consistent lens into state-based repression across countries and time.
Since 2020, the global rate of repression has steadily increased, reaching its highest level in 2024, with Myanmar recording the highest number of repression events.
Repression, in the Infomap, includes Targeting of Information Gatherers: Journalists, scientists, academics, activists, and other knowledge producers are surveilled, harassed, discredited, or subjected to legal and extralegal pressure to suppress dissenting information and enforce conformity with official narratives. This systematic targeting fosters self-censorship and erodes independent inquiry, ensuring that public knowledge aligns with regime interests and that alternative accounts are marginalized or eliminated.

Regimes conduct surveillance through informant networks, threaten dissidents, force them into exile, hold their relatives hostage at home, and, in some cases, harm dissidents directly [19–21]. These tactics instilled fear and mistrust among co-nationals, depoliticized their speech and social life, and rendered anti-regime activism a high-risk activity. 
Across all of these domains—domestic and foreign—the targeting of epistemic actors is becoming increasingly anonymized, decentralized, and challenging to trace. It is no longer a matter of direct censorship, but of systemic constraint on what may be known, said, or trusted. The result is not silence in the traditional sense, but the managed domestication of discourse itself.
DOMESTIC
True command and control is impossible without information discipline. Authoritarian regimes must not only generate narratives but also prevent unauthorized stories from gaining traction. To achieve this, they systematically target journalists, academics, scientists, some clergy, whistleblowers, and others whose work contributes to building knowledge and may conflict with official positions.
This targeting achieves multiple aims. It suppresses dissent, deters through fear, signals to broader society, and manipulates collective memory. The suppression occurs through direct coercion and what might be called ambient repression—forms of threat that do not require centralized enforcement, because the population has already internalized the risk. 
Self-censorship is one example of this, representing what historian Timothy Snyder calls ""anticipatory obedience""—when individuals anticipate what a more repressive government might want and then offer themselves without being asked.
- Surveillance and harassment are used to induce a continuous sense of fear. Individuals are monitored online and offline, often without formal charges, cultivating a sense of an ever-watchful government eye. Recent revelations show governments using spyware against civil society and media, with numerous states revealed to be targeting activists and journalists with sophisticated surveillance technology, much of it supplied by companies with close military links. This creates what researchers call a ""chilling climate"" where both journalists and sources experience ""paranoia"" as a tactic with longstanding precedent used by intelligence agencies to pressure activists and journalists.
- Strategic lawsuits and criminal charges are deployed to tie dissenters down in legal or financial precarity. These Strategic Lawsuits Against Public Participation (SLAPPs) have become an all-too-common tool for intimidating and silencing criticism through expensive, baseless legal proceedings [22–24]. From Russia to Kyrgyzstan, and Georgia to Hungary, ""foreign agent"" style laws have become a preferred instrument for authoritarians to extinguish critical voices, shield their rule from scrutiny, and strengthen their hold on power [25]. The claimants aim to silence critical reporting about them, using whatever law—criminal or civil—is most convenient. The burden of defending a case means that merely threatening litigation can be enough for a media outlet to withdraw a report or issue an apology.
- Discrediting campaigns are launched to destroy reputations rather than refute ideas. This includes media smear pieces, selective data leaks, manipulated digital forensics, and broader efforts to recast critics as morally or politically suspect [26–29]. Digital threats like cyberattacks, surveillance, doxing, and harassment affect journalists' ability to reach their audiences. At the same time, smear campaigns undermine their credibility, and the intimidation of family members exacts a high psychological toll.
- Physical intimidation includes actions such as arbitrary arrests, police raids, disappearances, and indefinite pre-trial detention [30–32]. Authoritarian campaigns to clamp down on dissent and control the media have driven scores of journalists from countries like Afghanistan, Belarus, Hong Kong, Myanmar, Nicaragua, and Russia into exile, but the repression of a free press does not stop at the border. Freedom House has identified 112 acts of transnational repression committed against journalists by 26 governments between 2014 and 2023, including physical attacks, unlawful deportations, detentions, renditions, digital harassment, and reprisals against family members.
- Infrastructural throttling occurs when the regime dismantles the support systems that enable independent work. This includes revoking licenses, dissolving NGOs, banning publications, or denying research funding and academic appointments [33]. In Russia, for example, the invasion of Ukraine led to new legislation restricting press freedom, with laws punishing the spreading of non-Kremlin-approved information with up to 15 years in prison, making covering the war practically illegal for Russian reporters [34,35].
- Digital interference targets a person's virtual footprint. It includes account suspensions, algorithmic downranking, spyware targeting, and the spread of deepfakes—tools that erode credibility or silence voices by degrading digital access or polluting reputational space [36–38]. As more countries move toward authoritarianism and technological advances proliferate, the authoritarian digital arsenal continues to expand and diversify, encompassing geopolitical tensions and the rapid growth of generative artificial intelligence.
The purpose of these measures is not simply censorship. It is to instill anticipatory obedience—a condition where individuals self-censor, not because they are explicitly silenced, but because they learn to calculate risk and act accordingly [39]. Knowledge, in such an environment, becomes a contested and dangerous asset.
ABROAD
This logic of targeting does not stop at national borders. Instead, it is projected outward to suppress dissent among diaspora communities, discredit adversarial narratives, and intimidate foreign actors from engaging critically. What appear to be isolated incidents when viewed separately—an assassination here, a kidnapping there—in fact form a constant threat across the world that is affecting the lives of millions of people and changing how activists, journalists, and regular individuals go about their lives. By 2024, some 44 countries have been documented as committing transnational repression, according to Freedom House [40].
- Visa denials and travel bans are applied to investigative journalists, scholars, and activists, denying them access to forums where they might share critical findings or collaborate across borders. At least 55 governments worldwide employ one or more mobility control methods to restrict freedom of movement, including revoking citizenship, passport restrictions, denial of consular services, and travel bans, to coerce and punish dissidents, activists, journalists, and ordinary people [40]. Since 2019, Amnesty International has documented the cases of at least six Kashmiri journalists, human rights activists, academics, and politicians who have been barred from travelling outside India without any lawful justification [41]. These restrictions hinder people's ability to express dissent and participate in pro-democracy activism, signaling to potential government critics that they may face similar consequences.
- Digital intimidation campaigns are conducted through troll armies, doxing, and orchestrated reporting aimed at deplatforming or silencing critics. A 2017 report from Freedom House showed that 30 governments worldwide paid keyboard armies to spread propaganda and attack critics, using paid commentators, trolls, and bots to harass journalists and erode trust in the media [42]. The efforts have succeeded in many cases, sending journalists into exile or effectively silencing online expression. While a DDoS attack targets hardware, doxxing is far more personal because it targets a person's private life, revealing someone's identity or whereabouts as a common tactic to intimidate [43–46]. These actions often blur the line between cyberattack and psychological operation.
- Extraterritorial surveillance happens through embassies, cultural centers, or compromised platforms. Governments also rely on passport cancellations and international arrest warrants to trap and detain opponents abroad. At the same time, digital technologies provide authoritarian rulers with powerful tools to extend surveillance and control beyond borders and deep into the personal lives of exiles. Surveillance may serve as an instrument of controlling ""voice"" abroad in multiple ways: mirroring extensive repression within authoritarian states, governments design surveillance systems to monitor diaspora communities [1,21,35,47,48]. Digital technologies have given authoritarian governments new tools to control, silence, and punish dissent across borders, enabling regimes to monitor and respond to the activities of political exiles and diaspora communities with greater scope and speed.
- Proxy litigation is used to entangle critics in lawsuits or criminal proceedings in third-party countries with pliable legal systems. States use domestic forms of repression as a means of punishing, threatening, or controlling those who reside overseas through strategies that involve long-distance coercion-by-proxy. These cases are often filed under pretexts, such as incitement or hate speech, creating a chilling effect without requiring a win in the case. This can be considered a ""low cost"" form of transnational repression, as it neither violates the sovereignty of other states nor is likely to garner significant levels of diplomatic or media attention.
- Funding disruption is a method of strangulation. Authoritarian regimes have found more sophisticated ways to repress their opponents, using FATF regulations to justify the confiscation of assets and freezing of hundreds of millions belonging to churches, universities, and dissidents. Donors are pressured, financial access is revoked, and NGOs are labeled extremist or subversive, thereby blocking their ability to function. Authoritarians manipulate the FATF's forty recommendations for stopping money laundering and terrorist financing to justify financial repression, closing thousands of civil society organizations and expropriating their assets.
- Narrative laundering is carried out through third-party actors—foreign academics, think tanks, journalists—who are invited to write op-eds, join panels, or contribute to reports that subtly echo regime-aligned narratives while casting doubt on opposition voices [49–52]. Narrative laundering—the technique of transferring a specific narrative from its state-run origins into the broader media ecosystem through aligned publications, ""useful idiots,"" and possibly witting participants—is an ""active-measures"" tactic that has been adapted for the social-media era [9,53–56]. Authoritarian think tanks operate much like their democratic counterparts—organizing public conferences and events, publishing research in academic journals and on their websites, and sharing analyses with media outlets. But the antiliberal and antidemocratic political systems to which these entities belong repress dissent and claim control over the discursive and ideational space.
- Third-party influence is also deployed through aligned diaspora members, dual nationals, or regional partners who act as surrogate messengers. The recent revelation concerning a US–Belgian citizen, who had not set foot in Rwanda since she left as a small child, being targeted by the Rwandan government, illustrated with shocking clarity the long reach of authoritarian regimes. Their cultural proximity makes their critiques of dissenters appear more credible and ""authentic"" to local audiences. Post-Soviet oligarchs connected to interference efforts have donated between $372 million and $435 million to more than 200 institutions, with the gifts appearing to follow two specific threads: establishing a potential toehold over policy decisions and so-called reputation laundering [57].
In both its domestic and transnational forms, repression is less a display of brute power than a management system for public knowledge. It replaces overt censorship with a constant background threat—where the limits of expression are enforced not only by law but by fear, fatigue, and the strategic domestication of truth.
, - **Demoralization Campaigns**: The systematic dissemination of narratives emphasizing decline, futility, or inevitable defeat to weaken psychological resilience and collective morale. By amplifying despair and cynicism, demoralization campaigns seek to paralyze social response, reduce trust in leadership, and erode willingness to resist or recover from crisis., - **Intimidation and Harassment**: , - **Hostage Diplomacy**: Hostage diplomacy involves the arbitrary detention of foreign nationals or dual citizens to extract political concessions, retaliate against foreign governments, or signal displeasure. Detainees are often accused of vague or fabricated national security violations and held without due process. This tactic reframes individual liberty as a tool of interstate negotiation, turning human lives into bargaining chips. It serves a dual purpose: projecting power internationally and chilling dissent among diaspora communities, NGOs, and journalists by demonstrating the personal risks of defying or confronting authoritarian regimes abroad., - **Visa Denials**: Visa denials are deployed as a silent form of coercion aimed at restricting mobility, silencing dissent, and excluding critical voices from global discourse. Investigative journalists, academics, activists, and human rights defenders may be denied entry to—or exit from—countries based on their political beliefs or affiliations. These denials rarely come with clear justification and are often framed as matters of national security or administrative discretion. By limiting access to international platforms and collaborations, regimes curtail exposure of abuses, discredit alternative narratives, and isolate critics., - **Forced Confessions**: Forced confessions are staged admissions of guilt—often extracted under duress, torture, or psychological manipulation—used by authoritarian regimes to reinforce control and fabricate legitimacy. Broadcast widely through state media, these confessions serve as both propaganda and deterrent, portraying dissidents, journalists, or minorities as criminals or traitors. The spectacle is engineered to erode public sympathy, sow confusion, and signal that resistance is futile. In doing so, it weaponizes the language of justice to disguise repression and intimidate potential dissenters into silence or compliance., - **Banned Platforms**: Platform banning refers to the deliberate restriction or outright prohibition of specific digital platforms—such as social media sites, messaging apps, or content-sharing services—by state actors to suppress dissent, control narratives, and limit access to alternative sources of information. These bans often target platforms perceived as enabling protest organization, whistleblowing, investigative journalism, or transnational solidarity. Governments may justify these actions under the guise of protecting national security, combating disinformation, or preserving cultural values, but the underlying objective is frequently to sever channels of communication that challenge regime authority.",
Spillover,7,"Organic Alignment,Unwitting Engagement,Background Noise,Algorithmic Propagation,Semantic Contagion,Information Decay,Institutional Relay","Spillover captures the secondary and often unintentional diffusion of regime narratives or tactics. This includes foreign journalists citing state media, content carried over through wire services, and alignment by external actors with compatible goals. Sometimes, these are cases of uncoordinated citation or inadvertent amplification. Sometimes, they are tolerated or even welcomed by state actors. However, they lack the direct command or strategic orchestration seen in projection or obfuscation. Instead, spillover extends the regime’s influence footprint without additional cost.","**Spillover** refers to the unintentional or semi-organic diffusion of manipulated narratives beyond their original source, occurring when content spreads through legitimate channels, algorithmic systems, or ideologically aligned actors without direct coordination. This function extends influence operations at minimal cost by leveraging existing information ecosystems. Key mechanisms include:

- **Unwitting Engagement**, where individuals share, like, or comment on manipulated content without recognizing its origin or intent, lending credibility through genuine social interaction that masks orchestration and transforms inauthentic material into perceived consensus

- **Organic Alignment**, where individuals, influencers, or organizations independently adopt positions coinciding with regime objectives without coordination or payment, driven by ideology, grievance resonance, or opportunism that gives state-driven narratives authentic social traction

- **Algorithmic Propagation**, where automated ranking and recommendation systems elevate manipulated content based on engagement metrics rather than veracity, converting coordinated disinformation into organic visibility as platforms like YouTube, TikTok, and X reward emotionally charged material through behavioral feedback loops

- **Institutional Relay**, where credible outlets unintentionally re-broadcast material through routine practices such as wire syndication, unattributed quotations, or secondary citations, transferring content into trusted information ecosystems

- **Semantic Contagion**, where specific linguistic or conceptual frames migrate organically into other ideological domains, capturing memetic spread beyond direct coordination

- **Background Noise**, where persistent low-level repetition across entertainment, commentary, or casual discourse creates ambient familiarity that normalizes falsehoods and weakens audience skepticism through slow-drip exposure

These mechanisms blur the line between coordination and virality, embedding influence operations within everyday information flows.","Spillover refers to the unintentional or secondary spread of regime narratives or tactics through external media, actors, or channels, extending influence without direct coordination or strategic planning.","'- **Organic Alignment**: Individuals, influencers, or organizations independently adopt positions or narratives that coincide with a regime’s objectives without coordination or payment. Alignment arises through ideology, grievance resonance, or opportunism, giving state-driven narratives authentic social traction., - **Unwitting Engagement**: Individuals share, like, or comment on manipulated content without realizing its origin or intent, lending credibility through genuine social interaction. This participation masks orchestration and transforms inauthentic material into perceived consensus., - **Background Noise**: Persistent low-level repetition of regime-aligned messages—across entertainment, commentary, or casual discourse—creates ambient familiarity that normalizes falsehoods and weakens audience skepticism. This slow-drip exposure shapes perception even without persuasion., - **Algorithmic Propagation**: Algorithmic propagation occurs when automated ranking and recommendation systems elevate manipulated, misleading, or sensational content based on engagement metrics—likes, shares, watch time, or click-throughs—rather than credibility or veracity. This process transforms coordinated disinformation into organic visibility as algorithms reward emotionally charged or divisive material that sustains user attention.
Platforms such as YouTube, TikTok, and X (formerly Twitter) frequently surface such content because engagement signals are interpreted as a proxy for relevance. For example, anti-vaccine videos, Kremlin-aligned narratives about “biolabs in Ukraine,” or climate-skeptic claims have repeatedly gained traction not through direct state promotion, but through algorithmic prioritization of high-interaction material.
By amplifying content based on behavioral feedback loops, algorithms convert targeted manipulation into widespread exposure—blurring the line between coordination and virality and embedding influence operations within everyday recommendation flows., - **Semantic Contagion**: Describes when specific linguistic or conceptual frames (e.g., “denazification,” “cancel culture”) migrate organically into other ideological domains. Captures memetic spread beyond direct coordination., - **Information Decay**: The cumulative erosion of shared epistemic foundations through persistent exposure to contradictory narratives, fabricated evidence, and undermined institutional credibility. Over time, populations lose confidence not only in specific claims but in the possibility of establishing shared facts. This degradation is not achieved through any single deception but through the compounding effect of repeated epistemological assaults that fragment consensus reality into incompatible interpretive communities incapable of collective sensemaking., - **Institutional Relay**: Established media reproduce manipulated stories through syndication or standard practice, spreading them under institutional credibility.",