mechanism,long_name,one_line,function,status,description,fx,examples,quarto
, - ,,,Current,,- ****: ,,"Diaspora communities are not instruments of state control. They are
transnational populations shaped by displacement, war, labor migration,
or exile, carrying memories, identities, and frequently trauma.
Diasporas are not inherently political actors, nor should they be
treated as proxies for regimes they fled.

Yet authoritarian states regularly exploit diaspora communities,
capitalizing on language, kinship ties, cultural memories, and trust
networks to extend coercive power across borders [@TSOURAPAS2020;
@ADAMSON2019]. Just as these regimes abuse open societies' freedoms—free
speech protections and democratic tolerance—to launder manipulated
information or incite division, they exploit diaspora communities as
cover for influence operations. This exploitation reflects not on the
diaspora itself, but rather on how hostile states weaponize the social
cohesion and freedoms diasporas embody.

The scale of the problem is now well documented. Freedom House research
shows that between 2014 and 2024, 48 governments committed acts of
physical transnational repression against individuals living in 103 host
countries, with the number of perpetrator states, host countries, and
incidents growing every year [@SCHENKKAN2025; @VAUGHAN2025]. China is
the most prolific perpetrator, but Russia, Turkey, Iran, Egypt, Saudi
Arabia, and others are active practitioners [@VAUGHAN2025; @HRW2024].
The tactics range from assassination and rendition to digital
surveillance, harassment of family members at home, and
coercion-by-proxy through community organizations and overseas police
service stations [@SAFEGUARD2022; @WONG2024; @MOSS2016].

These incursions are part of a broader authoritarian strategy that
exploits the openness of liberal societies, including freedom of
expression, religious liberty, academic independence, and multicultural
pluralism. The issue is not freedom itself, but the asymmetric
exploitation of that freedom by regimes that deny such liberties at
home.

The consequences extend well beyond individual targets. Transnational
repression spreads fear, mistrust, and division throughout entire
diaspora communities, leading individuals to self-censor, withdraw from
political participation, or isolate from their own communities
[@MOSS2016; @MICHAELSEN2025]. Women human rights defenders and
journalists in exile face particular, gendered forms of digital threats
that exploit their gender identity to intimidate, shame, and discredit
them [@MICHAELSEN2025]. Second-generation diaspora members—whose skills,
resources, and multi-sited embeddedness make them especially valuable to
authoritarian regimes—face targeted engagement or repression strategies
designed to harness or neutralize their potential [@WACKENHUT2023]. In
China's case, the state leverages nationalist sentiments to alienate
dissidents and cultivate loyalist diaspora networks that conduct
surveillance, harassment, and assault against Hong Kongers, Tibetans,
Uyghurs, Taiwanese, and mainland Chinese critics abroad [@WONG2024;
@OZTIG2024].

This issue is not merely about diaspora manipulation. It is
fundamentally about democratic failure.

When authoritarian regimes operate within democratic societies—coercing
individuals, hijacking community institutions, exporting surveillance,
and manipulating narratives—they are not engaging in mere meddling. They
are directly violating sovereignty. Such intrusions are not subtle or
symbolic; they are blatant acts of aggression carried out with alarming
impunity.

The responsibility for these violations lies not with the diaspora
communities but with the governments that fail to protect them.
Democratic states have repeatedly allowed adversarial powers to conduct
hostile operations on their territory, targeting their own residents
without meaningful consequences, exposure, or deterrence. They have
blurred critical distinctions between cultural exchange and covert
infiltration, abandoning exiles who fled authoritarian regimes only to
face their oppressors' reach unimpeded abroad. Indeed, restrictive
asylum policies in many democracies compound the vulnerability of
potential targets, who—without permanent legal status—remain dependent on
their home countries for documents and are thus exposed to continued
pressure [@FREEDOMHOUSE_UK2025].

This failure creates predictable consequences. Without enforcement,
intrusion becomes normalized, and without consequence, boundaries erode.
When democratic governments hesitate, adversaries escalate their
aggression. Six states enacted their first documented instance of
physical transnational repression in 2023 alone [@VAUGHAN2025]. The
problem has not peaked: the consolidation of modernized, globally
integrated authoritarian states, the subversion of international norms
against extraterritorial violence, and the pace of technological change
all make continued growth likely [@SCHENKKAN2025].

This is not an isolated incident—it is a pervasive pattern occurring
openly in capital cities, university campuses, cultural institutions,
and digital spaces throughout the democratic world. The message sent to
aggressors and allies alike is clear and deeply damaging: democratic
sovereignty can be negotiated, harassment and coercion are acceptable if
carried out discreetly, and citizen and resident rights are
conditionally protected.

This must end.

Democracies must cease mistaking restraint for strength. They must
accurately label these incursions as hostile operations and meet them
decisively with a clear, coordinated, and uncompromising response.

Sovereignty is not symbolic; it is a state's fundamental obligation.
Failing to defend sovereignty—in the name of caution, optics, or
inertia—does not enhance democratic principles; it betrays them."
Diplomatic Theater,Command and Control - Diplomatic Theater,"Diplomatic channels are often used as platforms for political theater rather than genuine negotiation, allowing regimes to manipulate language and narratives to justify aggressive actions while maintaining a facade of legitimacy.",Command and Control,Current,"Diplomatic channels, whether formal or informal, are commonly presented as tools for negotiation, coordination, and cooperation between states. In practice, they are frequently repurposed as stages for political theater. Treaties, memoranda, and joint statements often contain deliberately vague language, such as references to “military cooperation” or “technical assistance,” not to clarify intent but to preserve narrative flexibility. This ambiguity allows regimes to later reinterpret or weaponize diplomatic language to justify escalation, intervention, or denial.

These channels operate less as mechanisms of problem-solving and more as performance spaces that span legal, political, and cultural domains. Through carefully staged engagements, regimes shape perception, cultivate influence among elites, and construct a veneer of legitimacy for future actions. Diplomacy, in this context, is not primarily about agreement, but about being seen as reasonable, restrained, and wronged.

International forums, press conferences, and formal meetings are repeatedly used as theatrical megaphones for state narratives. False or misleading claims delivered in these settings gain power from the institutional legitimacy of the platform itself. Russia’s repeated use of nonproliferation meetings to advance false allegations about biological weapons programs in Ukraine, or its invitation of disinformation-promoting bloggers to speak at the United Nations, illustrate how diplomatic venues are used to stage credibility rather than establish truth.

This theatrical use of diplomacy relies on performance conventions. Officials adopt the language of civility and procedural seriousness while leveling extreme accusations, rehearsing victimhood, and accusing adversaries of the very actions the regime itself is engaged in. The performances are often lengthy, repetitive, and intentionally exhausting, designed to flood the information space, generate quotable material for state media, and force opponents into reactive postures.

Bad-faith demands for dialogue or evidence are integral to the performance. Engagement is framed as validation, while refusal is presented as proof of adversary hostility or guilt. This “sealioning” dynamic transforms diplomacy into a trap: participation sustains the spectacle, while nonparticipation becomes part of the narrative.

The cumulative effect is the conversion of diplomatic infrastructure into a propaganda stage. By exploiting the rituals and legitimacy of diplomacy, regimes normalize their framing, invert aggressor–victim dynamics, and create false equivalence between verified conduct and fabricated accusations. Diplomacy becomes less a channel for resolving conflict and more a theater for sustaining it.","- **Diplomatic Theater**: Diplomatic channels, whether formal or informal, are commonly presented as tools for negotiation, coordination, and cooperation between states. In practice, they are frequently repurposed as stages for political theater. Treaties, memoranda, and joint statements often contain deliberately vague language, such as references to “military cooperation” or “technical assistance,” not to clarify intent but to preserve narrative flexibility. This ambiguity allows regimes to later reinterpret or weaponize diplomatic language to justify escalation, intervention, or denial.

These channels operate less as mechanisms of problem-solving and more as performance spaces that span legal, political, and cultural domains. Through carefully staged engagements, regimes shape perception, cultivate influence among elites, and construct a veneer of legitimacy for future actions. Diplomacy, in this context, is not primarily about agreement, but about being seen as reasonable, restrained, and wronged.

International forums, press conferences, and formal meetings are repeatedly used as theatrical megaphones for state narratives. False or misleading claims delivered in these settings gain power from the institutional legitimacy of the platform itself. Russia’s repeated use of nonproliferation meetings to advance false allegations about biological weapons programs in Ukraine, or its invitation of disinformation-promoting bloggers to speak at the United Nations, illustrate how diplomatic venues are used to stage credibility rather than establish truth.

This theatrical use of diplomacy relies on performance conventions. Officials adopt the language of civility and procedural seriousness while leveling extreme accusations, rehearsing victimhood, and accusing adversaries of the very actions the regime itself is engaged in. The performances are often lengthy, repetitive, and intentionally exhausting, designed to flood the information space, generate quotable material for state media, and force opponents into reactive postures.

Bad-faith demands for dialogue or evidence are integral to the performance. Engagement is framed as validation, while refusal is presented as proof of adversary hostility or guilt. This “sealioning” dynamic transforms diplomacy into a trap: participation sustains the spectacle, while nonparticipation becomes part of the narrative.

The cumulative effect is the conversion of diplomatic infrastructure into a propaganda stage. By exploiting the rituals and legitimacy of diplomacy, regimes normalize their framing, invert aggressor–victim dynamics, and create false equivalence between verified conduct and fabricated accusations. Diplomacy becomes less a channel for resolving conflict and more a theater for sustaining it.","Diplomatic Theater-0003,Diplomatic Theater-0009",
Group Infiltration,Command and Control - Group Infiltration,A covert operation where operatives infiltrate and manipulate political organizations to influence their agendas and undermine democratic integrity.,Command and Control,Current,"A covert mechanism in which operatives or aligned actors penetrate political organizations to manipulate internal processes, influence policy direction, or gain access to sensitive information. Infiltration may occur through membership recruitment, campaign financing, advisory roles, or cultivation of personal ties within leadership structures.

Its purpose is to redirect organizational agendas, co-opt legitimate actors, and neutralize opposition from within. Political party infiltration erodes democratic integrity and enables sustained manipulation under the appearance of lawful participation, functioning as a long-term strategy for destabilization and covert control.","- **Group Infiltration**: A covert mechanism in which operatives or aligned actors penetrate political organizations to manipulate internal processes, influence policy direction, or gain access to sensitive information. Infiltration may occur through membership recruitment, campaign financing, advisory roles, or cultivation of personal ties within leadership structures.

Its purpose is to redirect organizational agendas, co-opt legitimate actors, and neutralize opposition from within. Political party infiltration erodes democratic integrity and enables sustained manipulation under the appearance of lawful participation, functioning as a long-term strategy for destabilization and covert control.",,
Ideological Center,Command and Control - Ideological Center,"A regime is a network of overlapping elites, institutions, and coercive actors that governs through coordination, shaping parameters for acceptable speech, assigning threat value, and synchronizing actions to achieve shared goals.",Command and Control,Current,"The regime sits at the center of command and control, not just as leadership, but as infrastructure. It links political authority, intelligence services, military institutions, and oligarch-aligned capital into a system that governs through coordination more than command. In hybrid influence systems, the regime is less a person or office than a network: overlapping elites, coercive actors, and shared goals that outlast any individual.
Its role is not symbolic. It sets parameters for acceptable speech, assigns threat value, selects targets, and distributes both force and narrative. That influence is exerted through ministries, informal councils, and patronage networks alike. What matters is not the form but the function: shaping tempo, synchronizing action, and keeping other instruments aligned.
The regime does not need to speak for its priorities to register. They show up in state media headlines, in the timing of arrests, in the silences that follow unexplained deaths. Without that central structure, the rest of the system fragments. With it, disparate actions take on the shape of strategy.
- The Kremlin’s Vertical of Power (Russia, 2000–present): Vladimir Putin’s consolidation of the siloviki (security elites) illustrates regime-as-infrastructure. Senior figures circulate between intelligence agencies, state corporations, and ministries, maintaining coordination through personal loyalty and shared enrichment. The Presidential Administration acts as a nerve center linking propaganda (RT, TASS), intelligence (FSB, SVR, GRU), and oligarchic finance (Rosneft, Gazprom, VTB). The result is not command by decree but synchronized reaction—media, diplomacy, and paramilitary activity aligning automatically to regime priorities.
- The Chinese Party-State (CCP under Xi Jinping): The Leading Small Groups (领导小组) system institutionalizes coordination across ministries and sectors. These cross-cutting committees link propaganda, cyber governance, foreign affairs, and military modernization under direct Party supervision. The Central Cyberspace Affairs Commission, chaired by Xi, exemplifies this blending of political, technical, and ideological authority—ensuring that online discourse, tech policy, and security operations move in lockstep.
- Iran’s Deep State (IRGC and Clerical Oversight): Iran’s Islamic Revolutionary Guard Corps operates as both a military entity and an economic-political conglomerate, controlling construction, telecommunications, and media through front companies. It coordinates coercion, patronage, and information operations on behalf of the Supreme Leader, binding formal governance to informal control networks.
- North Korea’s “Monolithic Ideological System”: The Organization and Guidance Department functions as the regime’s internal control grid—supervising the military, Party, media, and even cultural life. It ensures that all institutions echo central messaging without requiring constant top-down orders.
- Post-Soviet Hybrid Coordination (Belarus and Serbia): Belarus under Lukashenko and Serbia under Vučić both demonstrate how regimes synchronize state institutions and business oligarchs through informal councils. Key media outlets receive privileged access and funding in exchange for editorial compliance, while security services coordinate with pro-regime business networks to manage dissent and elections. The effect is systemic alignment without visible repression.
- Turkey’s “Coordination Councils” and Crony Networks: Erdoğan’s use of the Presidency of Communications and the Wealth Fund mirrors a soft form of command-and-control—consolidating narrative power, financial leverage, and security coordination under a single executive umbrella, while maintaining the appearance of pluralism through party and business intermediaries.
These examples reveal the regime not as a solitary ruler but as a synchronized ecosystem of elites, agencies, and institutions—governing through alignment rather than instruction, where shared incentives and enforced loyalty replace formal hierarchy.","'- **Ideological Center**: The regime sits at the center of command and control, not just as leadership, but as infrastructure. It links political authority, intelligence services, military institutions, and oligarch-aligned capital into a system that governs through coordination more than command. In hybrid influence systems, the regime is less a person or office than a network: overlapping elites, coercive actors, and shared goals that outlast any individual.
Its role is not symbolic. It sets parameters for acceptable speech, assigns threat value, selects targets, and distributes both force and narrative. That influence is exerted through ministries, informal councils, and patronage networks alike. What matters is not the form but the function: shaping tempo, synchronizing action, and keeping other instruments aligned.
The regime does not need to speak for its priorities to register. They show up in state media headlines, in the timing of arrests, in the silences that follow unexplained deaths. Without that central structure, the rest of the system fragments. With it, disparate actions take on the shape of strategy.
- The Kremlin’s Vertical of Power (Russia, 2000–present): Vladimir Putin’s consolidation of the siloviki (security elites) illustrates regime-as-infrastructure. Senior figures circulate between intelligence agencies, state corporations, and ministries, maintaining coordination through personal loyalty and shared enrichment. The Presidential Administration acts as a nerve center linking propaganda (RT, TASS), intelligence (FSB, SVR, GRU), and oligarchic finance (Rosneft, Gazprom, VTB). The result is not command by decree but synchronized reaction—media, diplomacy, and paramilitary activity aligning automatically to regime priorities.
- The Chinese Party-State (CCP under Xi Jinping): The Leading Small Groups (领导小组) system institutionalizes coordination across ministries and sectors. These cross-cutting committees link propaganda, cyber governance, foreign affairs, and military modernization under direct Party supervision. The Central Cyberspace Affairs Commission, chaired by Xi, exemplifies this blending of political, technical, and ideological authority—ensuring that online discourse, tech policy, and security operations move in lockstep.
- Iran’s Deep State (IRGC and Clerical Oversight): Iran’s Islamic Revolutionary Guard Corps operates as both a military entity and an economic-political conglomerate, controlling construction, telecommunications, and media through front companies. It coordinates coercion, patronage, and information operations on behalf of the Supreme Leader, binding formal governance to informal control networks.
- North Korea’s “Monolithic Ideological System”: The Organization and Guidance Department functions as the regime’s internal control grid—supervising the military, Party, media, and even cultural life. It ensures that all institutions echo central messaging without requiring constant top-down orders.
- Post-Soviet Hybrid Coordination (Belarus and Serbia): Belarus under Lukashenko and Serbia under Vučić both demonstrate how regimes synchronize state institutions and business oligarchs through informal councils. Key media outlets receive privileged access and funding in exchange for editorial compliance, while security services coordinate with pro-regime business networks to manage dissent and elections. The effect is systemic alignment without visible repression.
- Turkey’s “Coordination Councils” and Crony Networks: Erdoğan’s use of the Presidency of Communications and the Wealth Fund mirrors a soft form of command-and-control—consolidating narrative power, financial leverage, and security coordination under a single executive umbrella, while maintaining the appearance of pluralism through party and business intermediaries.
These examples reveal the regime not as a solitary ruler but as a synchronized ecosystem of elites, agencies, and institutions—governing through alignment rather than instruction, where shared incentives and enforced loyalty replace formal hierarchy.",,
Information Denial,Command and Control - Information Denial,Deliberate suppression or blocking of factual information to remove access entirely.,Command and Control,Current,"Covers deliberate suppression or blocking of factual reporting (banning foreign correspondents, jamming satellite signals). Distinct from Obfuscation because it removes access entirely rather than disguising the origin.","'- **Information Denial**: Covers deliberate suppression or blocking of factual reporting (banning foreign correspondents, jamming satellite signals). Distinct from Obfuscation because it removes access entirely rather than disguising the origin.",,
Intelligence Operations,Command and Control - Intelligence Operations,Intelligence activities conducted by a state's security agencies to maintain stability and suppress threats.,Command and Control,Current,"Domestic intelligence operations are activities conducted by a state’s security or intelligence agencies within its own borders. These operations may include surveillance, infiltration, information control, and the monitoring of dissidents or opposition groups to maintain regime stability and suppress internal threats.","- **Intelligence Operations**: Domestic intelligence operations are activities conducted by a state’s security or intelligence agencies within its own borders. These operations may include surveillance, infiltration, information control, and the monitoring of dissidents or opposition groups to maintain regime stability and suppress internal threats.",,
Kinetic Military Action,Command and Control - Kinetic Military Action,"Kinetic Military Action is the direct use of conventional military force to enforce regime control, neutralize leadership, and assert strategic dominance when other methods fail.",Command and Control,Current,"While many command mechanisms are subtle or indirect, conventional military action remains a central pillar of military strategy. It is the most explicit tool of regime enforcement—used when narrative warfare, proxies, and diplomacy have failed or are insufficient.
Historical examples such as the 1968 invasion of Czechoslovakia and the attempted three-day takeover of Ukraine in 2022 show that kinetic action is used to decapitate rival leadership, replace governments, or physically reassert strategic dominance [81,82]. These operations are choreographed to neutralize command nodes, control critical infrastructure, and prevent organized resistance.
Although overt and high-risk, kinetic operations generate shockwaves across all planes; it is the only action that does so. But this comes at a high cost.","- **Kinetic Military Action**: While many command mechanisms are subtle or indirect, conventional military action remains a central pillar of military strategy. It is the most explicit tool of regime enforcement—used when narrative warfare, proxies, and diplomacy have failed or are insufficient.
Historical examples such as the 1968 invasion of Czechoslovakia and the attempted three-day takeover of Ukraine in 2022 show that kinetic action is used to decapitate rival leadership, replace governments, or physically reassert strategic dominance [81,82]. These operations are choreographed to neutralize command nodes, control critical infrastructure, and prevent organized resistance.
Although overt and high-risk, kinetic operations generate shockwaves across all planes; it is the only action that does so. But this comes at a high cost.",,
Overt State Media,Command and Control - Overt State Media,"Government-controlled media outlets that openly disseminate information to promote state interests, often using propaganda and disinformation.",Command and Control,Current,"Overt State Media refers to government-controlled communication outlets that openly disseminate information, often serving as tools for propaganda and disinformation campaigns to shape public perception and advance state interests. Historically exemplified by Soviet outlets such as Pravda, TASS, and Radio Moscow, these media channels have regularly promoted false or misleading narratives—such as claims that the United States sought control of the Falkland Islands—to influence domestic and international audiences.","- **Overt State Media**: Overt State Media refers to government-controlled communication outlets that openly disseminate information, often serving as tools for propaganda and disinformation campaigns to shape public perception and advance state interests. Historically exemplified by Soviet outlets such as Pravda, TASS, and Radio Moscow, these media channels have regularly promoted false or misleading narratives—such as claims that the United States sought control of the Falkland Islands—to influence domestic and international audiences.",Overt State Media-0008,
Proxy Governance,Command and Control - Proxy Governance,Management of surrogate authorities in occupied or dependent territories to bridge kinetic action and long-term regime coordination.,Command and Control,Current,Refers to installing or managing surrogate authorities in occupied or dependent territories (seen in Donetsk/Luhansk or Abkhazia). Fills the gap between kinetic action and long-term regime coordination.,'- **Proxy Governance**: Refers to installing or managing surrogate authorities in occupied or dependent territories (seen in Donetsk/Luhansk or Abkhazia). Fills the gap between kinetic action and long-term regime coordination.,,
Rule Imposition,Command and Control - Rule Imposition,"Rule Imposition involves using coercive leverage to integrate external political or security constraints into a target state's legal framework, ensuring lasting compliance.",Command and Control,Current,"Rule Imposition is the use of coercive leverage to embed externally defined political or security constraints into a target state’s legal or constitutional framework, converting temporary pressure into durable, self-enforcing compliance.","- **Rule Imposition**: Rule Imposition is the use of coercive leverage to embed externally defined political or security constraints into a target state’s legal or constitutional framework, converting temporary pressure into durable, self-enforcing compliance.","Rule Imposition-0001,Rule Imposition-0002",
Academic Initiatives,Legitimation - Academic Initiatives,Malign Academic Initiatives are state-backed efforts to produce pseudo-scholarly outputs that discredit Western democracy and capitalism.,Legitimation,Current,"Malign Academic Initiatives refer to coordinated efforts by state-backed research institutions, such as the Soviet-era Institute for the Study of the USA and Canada, that produce pseudo-scholarly outputs aimed at discrediting Western democracy and capitalism. These initiatives manipulate academic credibility to influence public perception and undermine Western ideological frameworks.","- **Academic Initiatives**: Malign Academic Initiatives refer to coordinated efforts by state-backed research institutions, such as the Soviet-era Institute for the Study of the USA and Canada, that produce pseudo-scholarly outputs aimed at discrediting Western democracy and capitalism. These initiatives manipulate academic credibility to influence public perception and undermine Western ideological frameworks.",,
Awards and Philanthropy,Legitimation - Awards and Philanthropy,"Awards and philanthropy are used to shape perceptions, extend influence, and reinforce the awarding entity's prestige and ideological objectives.",Legitimation,Current,"Awards and philanthropy serve as tools to shape perceptions and extend influence by publicly recognizing individuals or organizations aligned with specific ideological or political agendas. These honors enhance credibility, foster loyalty, and propagate desired narratives, thereby reinforcing the awarding entity’s prestige and ideological objectives.","- **Awards and Philanthropy**: Awards and philanthropy serve as tools to shape perceptions and extend influence by publicly recognizing individuals or organizations aligned with specific ideological or political agendas. These honors enhance credibility, foster loyalty, and propagate desired narratives, thereby reinforcing the awarding entity’s prestige and ideological objectives.",,
Clone or Mimic Authentic Sources,Legitimation - Clone or Mimic Authentic Sources,Fabricating entities or documents that replicate the identity and credibility of trusted information sources.,Legitimation,Current,"The fabrication of outlets, personas, documents, or institutional presences that replicate the visual identity, credentials, editorial style, or formal conventions of trusted information sources to inherit their credibility. This mechanism spans multiple registers: doppelganger news websites that typosquat legitimate domains; synthetic expert personas impersonating doctors, scientists, or scholars with fabricated credentials; forged or manipulated scientific studies designed to simulate peer-reviewed authority; and fake think tank reports styled after established research institutions. The operational logic is credibility theft—exploiting audience trust in recognized sources, professional authority, or institutional rigor by appropriating their formal appearance. Content gains legitimacy not through authentic provenance or verification but through resemblance to forms audiences have learned to trust.
","- **Clone or Mimic Authentic Sources**: The fabrication of outlets, personas, documents, or institutional presences that replicate the visual identity, credentials, editorial style, or formal conventions of trusted information sources to inherit their credibility. This mechanism spans multiple registers: doppelganger news websites that typosquat legitimate domains; synthetic expert personas impersonating doctors, scientists, or scholars with fabricated credentials; forged or manipulated scientific studies designed to simulate peer-reviewed authority; and fake think tank reports styled after established research institutions. The operational logic is credibility theft—exploiting audience trust in recognized sources, professional authority, or institutional rigor by appropriating their formal appearance. Content gains legitimacy not through authentic provenance or verification but through resemblance to forms audiences have learned to trust.
",,
Coopting Language,Legitimation - Coopting Language,Co-opting language to legitimize an actor's agenda by appropriating the moral or cultural authority of established values.,Legitimation,Current,"Co-opting language refers to the strategic adoption or redefinition of terminology, slogans, and rhetorical frames associated with trusted institutions, social movements, or democratic discourse to legitimize an actor’s own agenda. Under the Legitimation function, it serves to appropriate the moral or cultural authority of established values—such as freedom, sovereignty, or human rights—while subtly altering their meaning to align with disinformation goals or regime narratives. This tactic manipulates linguistic familiarity to obscure intent, normalize false equivalencies, and blur distinctions between genuine and manufactured legitimacy.","- **Coopting Language**: Co-opting language refers to the strategic adoption or redefinition of terminology, slogans, and rhetorical frames associated with trusted institutions, social movements, or democratic discourse to legitimize an actor’s own agenda. Under the Legitimation function, it serves to appropriate the moral or cultural authority of established values—such as freedom, sovereignty, or human rights—while subtly altering their meaning to align with disinformation goals or regime narratives. This tactic manipulates linguistic familiarity to obscure intent, normalize false equivalencies, and blur distinctions between genuine and manufactured legitimacy.",,
Cultural Heritage Exploitation,Legitimation - Cultural Heritage Exploitation,"Cultural heritage exploitation involves the manipulation of cultural objects to create tangible evidence that supports propaganda narratives, using monuments and artifacts to anchor false historical claims and justify military actions.",Legitimation,Current,"The creation, appropriation, destruction, or activation of cultural objects—monuments, memorials, archaeological materials, museum collections, and religious sites—to anchor propaganda narratives in tangible, emotionally resonant physical form. Unlike purely digital or textual disinformation, cultural heritage exploitation manufactures material ""evidence"" that appears to point to concrete places, times, and events, lending false claims the weight of historical fact. The mechanism operates across multiple dimensions: erecting new monuments that commemorate fabricated atrocities or glorify contested military operations; removing or vandalizing objects deemed antithetical to regime narratives; staging desecration of pro-regime memorials to generate pretexts for intervention; and appropriating archaeological artifacts to support territorial or historical claims. Physical monuments serve as vessels for collective memory and emotion—psychological research confirms that memorials externalize feelings and generate group sentiments—which regimes exploit to justify military action on grounds of moral obligation. The objects then multiply through digital reproduction: images circulate online as apparent documentation, exploiting information environments where users search for ""what really happened"" and interpret photographs of monuments as evidence of underlying reality. Cultural heritage exploitation is multi-institutional, coordinated across monument-production companies, military logistics, religious authorities, and local governance structures. Its temporal flexibility allows objects to be ""activated"" at strategically important moments—a monument erected years earlier can be invoked to justify current operations. The mechanism fuses the permanence and emotional weight of cultural heritage with the reach and velocity of digital dissemination, converting physical fabrications into globally circulating proof.","- **Cultural Heritage Exploitation**: The creation, appropriation, destruction, or activation of cultural objects—monuments, memorials, archaeological materials, museum collections, and religious sites—to anchor propaganda narratives in tangible, emotionally resonant physical form. Unlike purely digital or textual disinformation, cultural heritage exploitation manufactures material ""evidence"" that appears to point to concrete places, times, and events, lending false claims the weight of historical fact. The mechanism operates across multiple dimensions: erecting new monuments that commemorate fabricated atrocities or glorify contested military operations; removing or vandalizing objects deemed antithetical to regime narratives; staging desecration of pro-regime memorials to generate pretexts for intervention; and appropriating archaeological artifacts to support territorial or historical claims. Physical monuments serve as vessels for collective memory and emotion—psychological research confirms that memorials externalize feelings and generate group sentiments—which regimes exploit to justify military action on grounds of moral obligation. The objects then multiply through digital reproduction: images circulate online as apparent documentation, exploiting information environments where users search for ""what really happened"" and interpret photographs of monuments as evidence of underlying reality. Cultural heritage exploitation is multi-institutional, coordinated across monument-production companies, military logistics, religious authorities, and local governance structures. Its temporal flexibility allows objects to be ""activated"" at strategically important moments—a monument erected years earlier can be invoked to justify current operations. The mechanism fuses the permanence and emotional weight of cultural heritage with the reach and velocity of digital dissemination, converting physical fabrications into globally circulating proof.",,
Cultural Initiatives,Legitimation - Cultural Initiatives,"Regimes use cultural programs to subtly embed ideological cues and project an image of refinement and shared human values, thereby legitimizing their authority.",Legitimation,Current,"Regimes organize, fund, or co-opt artistic, educational, and cultural programs to project an image of refinement, openness, and shared human values while subtly embedding ideological cues. These initiatives operate through exhibitions, performances, exchanges, and collaborative projects that appear apolitical but quietly reinforce state narratives about identity, virtue, or destiny. By aligning themselves with the moral authority of art, scholarship, and heritage, regimes launder ideology through aesthetics, transforming political power into cultural legitimacy. The outcome is affective rather than coercive: admiration replaces suspicion, and cultural sophistication stands in for ethical standing. Over time, these gestures normalize the regime’s worldview and blur the boundary between appreciation of culture and acceptance of authority.","- **Cultural Initiatives**: Regimes organize, fund, or co-opt artistic, educational, and cultural programs to project an image of refinement, openness, and shared human values while subtly embedding ideological cues. These initiatives operate through exhibitions, performances, exchanges, and collaborative projects that appear apolitical but quietly reinforce state narratives about identity, virtue, or destiny. By aligning themselves with the moral authority of art, scholarship, and heritage, regimes launder ideology through aesthetics, transforming political power into cultural legitimacy. The outcome is affective rather than coercive: admiration replaces suspicion, and cultural sophistication stands in for ethical standing. Over time, these gestures normalize the regime’s worldview and blur the boundary between appreciation of culture and acceptance of authority.",,
Educational Travel Programs,Legitimation - Educational Travel Programs,A soft-power mechanism using educational travel to advance political or ideological influence abroad through curated cultural and experiential exposure.,Legitimation,Current,"A soft-power mechanism that uses academic, cultural, or experiential travel to advance political or ideological influence abroad. These programs facilitate exposure to curated environments that reinforce specific narratives, values, or geopolitical alignments. While presented as educational or cultural exchange, they often serve dual purposes: shaping participants’ perceptions, cultivating long-term sympathizers, and embedding favorable viewpoints within foreign civil society or academic institutions.

Educational travel programs operate as projection instruments—they externalize domestic ideology, build personal networks of influence, and create emotionally bonded intermediaries who act as informal advocates or amplifiers upon return. By merging pedagogy with persuasion, these initiatives extend the sponsoring actor’s reach into foreign populations through ostensibly benign, non-state channels.","- **Educational Travel Programs**: A soft-power mechanism that uses academic, cultural, or experiential travel to advance political or ideological influence abroad. These programs facilitate exposure to curated environments that reinforce specific narratives, values, or geopolitical alignments. While presented as educational or cultural exchange, they often serve dual purposes: shaping participants’ perceptions, cultivating long-term sympathizers, and embedding favorable viewpoints within foreign civil society or academic institutions.

Educational travel programs operate as projection instruments—they externalize domestic ideology, build personal networks of influence, and create emotionally bonded intermediaries who act as informal advocates or amplifiers upon return. By merging pedagogy with persuasion, these initiatives extend the sponsoring actor’s reach into foreign populations through ostensibly benign, non-state channels.",,
Intellectual Capture,Legitimation - Intellectual Capture,"A form of influence where an entity shapes Western public narratives through academic exchanges, exploiting scholars' desire for access and prestige.",Legitimation,Current,"A form of influence in which an entity uses academic exchanges, such as joint conferences and invitations, to shape Western public narratives, exploiting scholars’ desire for access and prestige to subtly direct intellectual discourse and policy perspectives.","- **Intellectual Capture**: A form of influence in which an entity uses academic exchanges, such as joint conferences and invitations, to shape Western public narratives, exploiting scholars’ desire for access and prestige to subtly direct intellectual discourse and policy perspectives.",,
Irrelevant Experts,Legitimation - Irrelevant Experts,Unqualified individuals are presented as credible experts to legitimize regime-aligned narratives and manipulate information by undermining established consensus.,Legitimation,Current,"Individuals lacking subject-matter expertise or recognized credentials are promoted as authoritative commentators to legitimize regime-aligned narratives. By positioning these unqualified experts as independent analysts, information manipulation exploits their outsider status to foster contrarian credibility and undermine established consensus, thereby amplifying regime perspectives under the appearance of impartial analysis.","- **Irrelevant Experts**: Individuals lacking subject-matter expertise or recognized credentials are promoted as authoritative commentators to legitimize regime-aligned narratives. By positioning these unqualified experts as independent analysts, information manipulation exploits their outsider status to foster contrarian credibility and undermine established consensus, thereby amplifying regime perspectives under the appearance of impartial analysis.",,
Prestige Signaling,Legitimation - Prestige Signaling,Using international events to simulate state acceptance and power through prestige signaling.,Legitimation,Current,"Use of international events (Olympics, summits, awards) to simulate acceptance and power. Complements “Awards and Philanthropy” but focuses on state-driven mega-events that legitimize rule through spectacle.","'- **Prestige Signaling**: Use of international events (Olympics, summits, awards) to simulate acceptance and power. Complements “Awards and Philanthropy” but focuses on state-driven mega-events that legitimize rule through spectacle.",,
Public Petitions and Polls,Legitimation - Public Petitions and Polls,Public petitions are organized campaigns to simulate widespread support for controversial policies or actions.,Legitimation,Current,"Public petitions are organized campaigns, often orchestrated or amplified by Kremlin-affiliated entities, designed to simulate widespread public support for controversial policies or actions, such as territorial annexations or restrictive legislation targeting foreign influence.","- **Public Petitions and Polls**: Public petitions are organized campaigns, often orchestrated or amplified by Kremlin-affiliated entities, designed to simulate widespread public support for controversial policies or actions, such as territorial annexations or restrictive legislation targeting foreign influence.",,
Publication Partnerships,Legitimation - Publication Partnerships,"Circular citations create a false narrative by repeatedly referencing unverified claims through multiple sources, amplifying their credibility without independent verification.",Legitimation,Current,"Circular citations occur when information is repeatedly propagated through multiple media outlets and organizational layers, each referencing the previous source, thereby creating a perceived consensus. This process relies on the repetition of unverified or fabricated claims—such as Soviet disinformation alleging U.S. biological weapons in Korea based on fake Chinese investigations—and amplifies their credibility by establishing an interconnected chain of sources that reinforce the narrative without independent verification.","- **Publication Partnerships**: Circular citations occur when information is repeatedly propagated through multiple media outlets and organizational layers, each referencing the previous source, thereby creating a perceived consensus. This process relies on the repetition of unverified or fabricated claims—such as Soviet disinformation alleging U.S. biological weapons in Korea based on fake Chinese investigations—and amplifies their credibility by establishing an interconnected chain of sources that reinforce the narrative without independent verification.",,
State-Backed Activism,Legitimation - State-Backed Activism,State-backed activism fabricates the appearance of independent civic mobilization to legitimize regime policies or discredit adversaries.,Legitimation,Current,"State-backed activism fabricates the appearance of independent civic mobilization to legitimize regime policies or discredit adversaries. Rather than issuing directives through overt state channels, regimes outsource moral authority to front groups, sympathetic NGOs, or manipulated grassroots movements that mimic authentic social activism. These operations borrow the language, aesthetics, and organizational forms of civil society—human rights campaigns, peace marches, environmental protests—to project bottom-up legitimacy for top-down objectives.
The tactic converts dissent into theater. Petitions, rallies, and social media campaigns appear spontaneous yet follow centrally defined scripts, often coordinated through state-funded cultural or “patriotic” organizations. Participants may be unaware of the orchestration, believing they are advancing moral or humanitarian causes while reinforcing state narratives about sovereignty, anti-colonialism, or traditional values.
Historically, the World Peace Council and similar Soviet fronts institutionalized this practice, using disarmament and solidarity language to launder geopolitical messaging. Contemporary successors include regime-aligned “anti-imperialist” networks, youth movements, and so-called peace coalitions that mobilize abroad to normalize repression or justify military aggression. The power of state-backed activism lies in its plausible authenticity: it reframes propaganda as public conscience and recasts state power as popular will","- **State-Backed Activism**: State-backed activism fabricates the appearance of independent civic mobilization to legitimize regime policies or discredit adversaries. Rather than issuing directives through overt state channels, regimes outsource moral authority to front groups, sympathetic NGOs, or manipulated grassroots movements that mimic authentic social activism. These operations borrow the language, aesthetics, and organizational forms of civil society—human rights campaigns, peace marches, environmental protests—to project bottom-up legitimacy for top-down objectives.
The tactic converts dissent into theater. Petitions, rallies, and social media campaigns appear spontaneous yet follow centrally defined scripts, often coordinated through state-funded cultural or “patriotic” organizations. Participants may be unaware of the orchestration, believing they are advancing moral or humanitarian causes while reinforcing state narratives about sovereignty, anti-colonialism, or traditional values.
Historically, the World Peace Council and similar Soviet fronts institutionalized this practice, using disarmament and solidarity language to launder geopolitical messaging. Contemporary successors include regime-aligned “anti-imperialist” networks, youth movements, and so-called peace coalitions that mobilize abroad to normalize repression or justify military aggression. The power of state-backed activism lies in its plausible authenticity: it reframes propaganda as public conscience and recasts state power as popular will",,
Systematic Alignment,Legitimation - Systematic Alignment,A credibility-manufacturing technique that simulates independent validation through synchronized messaging and sourcing practices across coordinated outlets and personas.,Legitimation,Current,"A credibility-manufacturing technique in which networks of coordinated or semi-coordinated outlets, websites, and personas synchronize their messaging, terminology, and sourcing practices to simulate independent validation and organic consensus. This alignment manifests through multiple mechanisms: recursive backlinking in which sites repeatedly cite, hyperlink, or republish one another's material to fabricate inter-source corroboration; adoption of shared taxonomies, framing devices, and rhetorical structures that create the appearance of convergent expert judgment; and the near-simultaneous repetition of regime narratives across ostensibly unrelated platforms. The cumulative effect is the laundering of coordinated messaging into what appears to be emergent agreement among independent actors. Once established, these alignment patterns trigger spillover effects through search and aggregation algorithms, which interpret dense cross-referencing and terminological consistency as signals of reliability—elevating visibility and embedding manipulated content within mainstream discovery pathways.","- **Systematic Alignment**: A credibility-manufacturing technique in which networks of coordinated or semi-coordinated outlets, websites, and personas synchronize their messaging, terminology, and sourcing practices to simulate independent validation and organic consensus. This alignment manifests through multiple mechanisms: recursive backlinking in which sites repeatedly cite, hyperlink, or republish one another's material to fabricate inter-source corroboration; adoption of shared taxonomies, framing devices, and rhetorical structures that create the appearance of convergent expert judgment; and the near-simultaneous repetition of regime narratives across ostensibly unrelated platforms. The cumulative effect is the laundering of coordinated messaging into what appears to be emergent agreement among independent actors. Once established, these alignment patterns trigger spillover effects through search and aggregation algorithms, which interpret dense cross-referencing and terminological consistency as signals of reliability—elevating visibility and embedding manipulated content within mainstream discovery pathways.",,
Testimony,Legitimation - Testimony,A message amplification function using personal narratives to reinforce target messaging and create collective persuasion.,Legitimation,Current,"A message amplification function in which participants in an operation, campaign, or event disseminate firsthand narratives to reinforce target messaging. Personal testimony serves as a credibility vehicle, transforming individual experience into collective persuasion. By framing curated or selective experiences as authentic accounts, report back strategies extend the influence cycle beyond the original event, creating secondary waves of reinforcement through public speaking, media engagement, and peer-to-peer communication. This approach fuses emotional resonance with ideological transmission, ensuring sustained message circulation and normalization within target audiences.","- **Testimony**: A message amplification function in which participants in an operation, campaign, or event disseminate firsthand narratives to reinforce target messaging. Personal testimony serves as a credibility vehicle, transforming individual experience into collective persuasion. By framing curated or selective experiences as authentic accounts, report back strategies extend the influence cycle beyond the original event, creating secondary waves of reinforcement through public speaking, media engagement, and peer-to-peer communication. This approach fuses emotional resonance with ideological transmission, ensuring sustained message circulation and normalization within target audiences.",,
Decentralized Structure,Longevity - Decentralized Structure,A controlled dispersion mechanism that simulates autonomy while maintaining central coordination to ensure continuity and deniability.,Longevity,Current,"A controlled dispersion mechanism that simulates autonomy while maintaining central coordination. In centralized influence architectures, decentralization is engineered—not organic—to ensure continuity and deniability. Peripheral entities, local chapters, or partner organizations appear independent but operate within a shared ideological, financial, or logistical framework directed from the center.
This pseudo-decentralization serves three primary longevity functions:
1. Redundancy: Each node can persist if others are exposed or dismantled, preventing total operational collapse.
2. Deniability: The appearance of local initiative obscures top-down coordination, shielding the central authority from accountability.
3. Regeneration: New nodes can be created faster than adversaries can dismantle them, allowing the network to continuously reconstitute itself.
Thus, in a centralized structure, “decentralization” functions as a survivability illusion—a method of distributing risk without surrendering control. It maintains continuity by fragmenting responsibility and creating the perception of autonomous activity, ensuring the central authority’s objectives endure even when individual entities are compromised.","- **Decentralized Structure**: A controlled dispersion mechanism that simulates autonomy while maintaining central coordination. In centralized influence architectures, decentralization is engineered—not organic—to ensure continuity and deniability. Peripheral entities, local chapters, or partner organizations appear independent but operate within a shared ideological, financial, or logistical framework directed from the center.
This pseudo-decentralization serves three primary longevity functions:
1. Redundancy: Each node can persist if others are exposed or dismantled, preventing total operational collapse.
2. Deniability: The appearance of local initiative obscures top-down coordination, shielding the central authority from accountability.
3. Regeneration: New nodes can be created faster than adversaries can dismantle them, allowing the network to continuously reconstitute itself.
Thus, in a centralized structure, “decentralization” functions as a survivability illusion—a method of distributing risk without surrendering control. It maintains continuity by fragmenting responsibility and creating the perception of autonomous activity, ensuring the central authority’s objectives endure even when individual entities are compromised.",,
Distributed Resources,Longevity - Distributed Resources,Distributed resources refer to the decentralization of critical assets across multiple actors and platforms to preserve operational capacity and ensure resilience.,Longevity,Current,"Distributed resources refer to the intentional decentralization of propaganda, communication tools, or financial and logistical data across multiple actors, platforms, and jurisdictions. By storing critical assets beyond the reach of institutional moderation or legal control, actors preserve operational capacity, ideological content, and institutional memory.
Common among clandestine movements such as jihadist networks, distributed resources allow rapid recovery after takedowns or arrests by ensuring no single point of failure can end operations.
This approach transforms fragmentation into resilience: redundancy is built into the architecture itself.","- **Distributed Resources**: Distributed resources refer to the intentional decentralization of propaganda, communication tools, or financial and logistical data across multiple actors, platforms, and jurisdictions. By storing critical assets beyond the reach of institutional moderation or legal control, actors preserve operational capacity, ideological content, and institutional memory.
Common among clandestine movements such as jihadist networks, distributed resources allow rapid recovery after takedowns or arrests by ensuring no single point of failure can end operations.
This approach transforms fragmentation into resilience: redundancy is built into the architecture itself.",,
Financial Distribution,Longevity - Financial Distribution,"Financial distribution involves fragmenting and rerouting resource flows through various channels to maintain liquidity and minimize traceability, ensuring operational solvency and influence despite scrutiny or sanctions.",Longevity,Current,"Financial distribution refers to the fragmentation and rerouting of resource flows through intermediaries, informal channels, or parallel entities to prevent interruption under scrutiny or sanction. Funds may be dispersed across multiple organizations, fiscal sponsors, or cryptocurrency systems to ensure liquidity and minimize traceability.
This mechanism maintains operational solvency after exposure or asset freezes, ensuring that no single funding node becomes a vulnerability. By separating control from visibility, financial distribution sustains influence operations through disruption and reconstitution.
In practice, it transforms financial opacity into endurance—money flows continue even when oversight tightens.","- **Financial Distribution**: Financial distribution refers to the fragmentation and rerouting of resource flows through intermediaries, informal channels, or parallel entities to prevent interruption under scrutiny or sanction. Funds may be dispersed across multiple organizations, fiscal sponsors, or cryptocurrency systems to ensure liquidity and minimize traceability.
This mechanism maintains operational solvency after exposure or asset freezes, ensuring that no single funding node becomes a vulnerability. By separating control from visibility, financial distribution sustains influence operations through disruption and reconstitution.
In practice, it transforms financial opacity into endurance—money flows continue even when oversight tightens.",,
Intergenerational Continuity,Longevity - Intergenerational Continuity,"Intergenerational Continuity describes how influence, knowledge, and strategic intent are passed down through familial, educational, or professional lineages, allowing individuals and their descendants to maintain relevance in modern information ecosystems through inherited networks and shared perspectives, often without direct coordination.",Longevity,Current,"Intergenerational Continuity refers to the transmission of influence capacity, institutional knowledge, and strategic intent across familial, educational, or professional lineages. It captures how individuals formerly embedded in state, intelligence, or diplomatic systems—and their descendants or protégés—maintain relevance within contemporary information ecosystems through inherited trust networks, shared worldviews, and access to enduring resource channels. Importantly, individuals may operate within these inherited structures without explicit coordination or intent, reflecting systemic continuity rather than direct control. This mechanism highlights how human networks sustain influence architectures beyond formal organizations, preserving strategic orientations and operational fluency across generations.","- **Intergenerational Continuity**: Intergenerational Continuity refers to the transmission of influence capacity, institutional knowledge, and strategic intent across familial, educational, or professional lineages. It captures how individuals formerly embedded in state, intelligence, or diplomatic systems—and their descendants or protégés—maintain relevance within contemporary information ecosystems through inherited trust networks, shared worldviews, and access to enduring resource channels. Importantly, individuals may operate within these inherited structures without explicit coordination or intent, reflecting systemic continuity rather than direct control. This mechanism highlights how human networks sustain influence architectures beyond formal organizations, preserving strategic orientations and operational fluency across generations.",,
Interlocking Leadership,Longevity - Interlocking Leadership,"Interlocking leadership is a structural pattern where individuals hold leadership roles in multiple organizations, fostering coordination and continuity while maintaining the appearance of independence.",Longevity,Current,"Interlocking leadership is a structural pattern in which the same individuals hold leadership or board positions across multiple organizations, creating overlapping networks of influence. This arrangement enables coordination and strategic alignment between groups that outwardly appear to be independent or grassroots movements.
By concentrating leadership across entities, regimes and aligned networks maintain cohesion, message discipline, and rapid mobilization capacity. Interlocking leadership also provides redundancy: when one organization is discredited or dissolved, its personnel and institutional memory persist elsewhere, preserving both capability and continuity.
This technique has appeared in state-aligned cultural fronts, political advocacy groups, and philanthropic networks where nominal independence masks shared personnel and purpose.","- **Interlocking Leadership**: Interlocking leadership is a structural pattern in which the same individuals hold leadership or board positions across multiple organizations, creating overlapping networks of influence. This arrangement enables coordination and strategic alignment between groups that outwardly appear to be independent or grassroots movements.
By concentrating leadership across entities, regimes and aligned networks maintain cohesion, message discipline, and rapid mobilization capacity. Interlocking leadership also provides redundancy: when one organization is discredited or dissolved, its personnel and institutional memory persist elsewhere, preserving both capability and continuity.
This technique has appeared in state-aligned cultural fronts, political advocacy groups, and philanthropic networks where nominal independence masks shared personnel and purpose.",,
Layered Network Design,Longevity - Layered Network Design,"Layered network design is a hierarchical strategy that creates an illusion of autonomy among entities while enabling centralized control, ensuring operational continuity and legitimacy through multiple visible and invisible layers.",Longevity,Current,"Layered network design is a hierarchical organizational strategy in which multiple tiers of entities—often appearing autonomous—are structured to conceal centralized coordination and control. This design creates a façade of diversity and independence while enabling unified strategic direction and information flow.
By embedding control across visible and invisible layers, regimes and intermediaries can protect their core operations from disruption. Outer layers provide public legitimacy; inner layers direct financing, communications, and operational priorities.
Layered networks provide redundancy and deniability, allowing successor or front organizations to continue activity even after exposure or sanction. The result is an ecosystem that appears pluralistic but functions as a coherent whole.","- **Layered Network Design**: Layered network design is a hierarchical organizational strategy in which multiple tiers of entities—often appearing autonomous—are structured to conceal centralized coordination and control. This design creates a façade of diversity and independence while enabling unified strategic direction and information flow.
By embedding control across visible and invisible layers, regimes and intermediaries can protect their core operations from disruption. Outer layers provide public legitimacy; inner layers direct financing, communications, and operational priorities.
Layered networks provide redundancy and deniability, allowing successor or front organizations to continue activity even after exposure or sanction. The result is an ecosystem that appears pluralistic but functions as a coherent whole.",,
Legal Support Networks,Longevity - Legal Support Networks,"Legal support networks leverage sympathetic legal resources to protect affiliates from enforcement actions and create delays that enable continued influence activities, resulting in structural impunity.",Longevity,Current,"Legal support networks mobilize sympathetic lawyers, civil rights groups, or advocacy organizations to defend affiliates, deter enforcement, and challenge regulatory actions. These networks sustain operations under legal pressure and create procedural delays that protect core personnel or institutions, allowing influence activities to persist even during investigation or prosecution.
They weaponize the norms of open societies—due process, free association, and advocacy—to insulate actors engaged in manipulative or covert activity. The outcome is structural impunity: a system where accountability becomes a slow, reversible process, and exposure does not equate to cessation.","- **Legal Support Networks**: Legal support networks mobilize sympathetic lawyers, civil rights groups, or advocacy organizations to defend affiliates, deter enforcement, and challenge regulatory actions. These networks sustain operations under legal pressure and create procedural delays that protect core personnel or institutions, allowing influence activities to persist even during investigation or prosecution.
They weaponize the norms of open societies—due process, free association, and advocacy—to insulate actors engaged in manipulative or covert activity. The outcome is structural impunity: a system where accountability becomes a slow, reversible process, and exposure does not equate to cessation.",,
Leveraging Organic Conspiracy Theories,Longevity - Leveraging Organic Conspiracy Theories,"State actors exploit organic conspiracy theories by embedding regime narratives within existing belief communities, allowing for sustained ideological influence without the need for continuous investment or direct involvement.",Longevity,Current,"The strategic attachment of regime narratives to conspiracy theories that emerged independently within target populations, embedding state-aligned messaging within durable, self-sustaining belief communities. Unlike fabricated disinformation that requires continuous operational investment, organic conspiracy theories persist autonomously—maintained by committed adherents who propagate, defend, and elaborate the worldview without external coordination. By grafting regime narratives onto these pre-existing structures, state actors gain access to infrastructure they did not build and cannot be blamed for: established audiences, emotional investment, community identity, and interpretive frameworks that resist debunking. Once embedded, the regime's message becomes inseparable from beliefs the community already holds, ensuring continued circulation even if the original operation is exposed or discontinued. The conspiracy community becomes an unwitting carrier—sustaining, adapting, and defending narratives on behalf of a regime whose involvement remains invisible or deniable. This mechanism transforms ephemeral influence operations into persistent ideological fixtures, exploiting the regenerative capacity of organic belief systems to achieve narrative longevity without ongoing resource expenditure.","- **Leveraging Organic Conspiracy Theories**: The strategic attachment of regime narratives to conspiracy theories that emerged independently within target populations, embedding state-aligned messaging within durable, self-sustaining belief communities. Unlike fabricated disinformation that requires continuous operational investment, organic conspiracy theories persist autonomously—maintained by committed adherents who propagate, defend, and elaborate the worldview without external coordination. By grafting regime narratives onto these pre-existing structures, state actors gain access to infrastructure they did not build and cannot be blamed for: established audiences, emotional investment, community identity, and interpretive frameworks that resist debunking. Once embedded, the regime's message becomes inseparable from beliefs the community already holds, ensuring continued circulation even if the original operation is exposed or discontinued. The conspiracy community becomes an unwitting carrier—sustaining, adapting, and defending narratives on behalf of a regime whose involvement remains invisible or deniable. This mechanism transforms ephemeral influence operations into persistent ideological fixtures, exploiting the regenerative capacity of organic belief systems to achieve narrative longevity without ongoing resource expenditure.",,
Rebranding,Longevity - Rebranding,Rebranding involves dissolving or restructuring entities to evade scrutiny while preserving personnel and objectives under a new identity.,Longevity,Current,"Rebranding involves the deliberate dissolution, renaming, or restructuring of entities to evade scrutiny, sanctions, or reputational damage while preserving personnel, resources, and objectives. Successor organizations inherit networks and assets under a new identity, maintaining operational continuity behind the appearance of change.
Through rebranding, influence architectures reset perception while retaining infrastructure. This allows movements to re-engage funders, media, and digital platforms even after exposure. The public sees renewal; the system experiences continuity.","- **Rebranding**: Rebranding involves the deliberate dissolution, renaming, or restructuring of entities to evade scrutiny, sanctions, or reputational damage while preserving personnel, resources, and objectives. Successor organizations inherit networks and assets under a new identity, maintaining operational continuity behind the appearance of change.
Through rebranding, influence architectures reset perception while retaining infrastructure. This allows movements to re-engage funders, media, and digital platforms even after exposure. The public sees renewal; the system experiences continuity.",,
Structural Redundancy,Longevity - Structural Redundancy,"Structural redundancy involves strategically distributing content and accounts across various platforms to ensure continuity and resilience against takedowns and deplatforming, allowing for seamless operational migration to alternative channels.",Longevity,Current,"The deliberate distribution of content, accounts, and platform presence across multiple sites, hosting environments, and jurisdictions to ensure operational continuity after takedowns, deplatforming, or exposure. This mechanism involves pre-positioning material on moderation-resistant platforms, maintaining parallel accounts and backup channels, archiving content in retrievable repositories, and designing digital infrastructure with the expectation of removal. When one node is eliminated, operations migrate to pre-established alternatives with minimal disruption—often under rebranded identities that preserve audience continuity through cross-platform signaling. The architecture treats deplatforming not as failure but as an anticipated phase in the operational lifecycle, building reconstitution capacity into the design itself.","- **Structural Redundancy**: The deliberate distribution of content, accounts, and platform presence across multiple sites, hosting environments, and jurisdictions to ensure operational continuity after takedowns, deplatforming, or exposure. This mechanism involves pre-positioning material on moderation-resistant platforms, maintaining parallel accounts and backup channels, archiving content in retrievable repositories, and designing digital infrastructure with the expectation of removal. When one node is eliminated, operations migrate to pre-established alternatives with minimal disruption—often under rebranded identities that preserve audience continuity through cross-platform signaling. The architecture treats deplatforming not as failure but as an anticipated phase in the operational lifecycle, building reconstitution capacity into the design itself.",,
Youth Targeting,Longevity - Youth Targeting,"A form of succession planning that regenerates leadership and sustains ideological coherence through youth recruitment, training, and indoctrination.",Longevity,Current,"Youth targeting is a form of succession planning in which ideological and generational renewal are institutionalized through youth recruitment, training, and indoctrination pipelines. These initiatives regenerate leadership and sustain ideological coherence across time.
Through educational exchanges, fellowships, and cultural programs, regimes and aligned movements cultivate new adherents who carry forward operational culture and loyalty. Such programs embed ideology within opportunity structures—linking career advancement, belonging, and influence to participation in regime-aligned ecosystems.
By continuously replenishing its human capital, the influence architecture maintains vitality even as older cadres retire or are discredited.","- **Youth Targeting**: Youth targeting is a form of succession planning in which ideological and generational renewal are institutionalized through youth recruitment, training, and indoctrination pipelines. These initiatives regenerate leadership and sustain ideological coherence across time.
Through educational exchanges, fellowships, and cultural programs, regimes and aligned movements cultivate new adherents who carry forward operational culture and loyalty. Such programs embed ideology within opportunity structures—linking career advancement, belonging, and influence to participation in regime-aligned ecosystems.
By continuously replenishing its human capital, the influence architecture maintains vitality even as older cadres retire or are discredited.",,
Conduit Funding,Obfuscation - Conduit Funding,"Conduit funding involves intermediary nonprofit organizations that channel money from one source to another, obscuring the true origin and purpose of the funds, which can be exploited to support foreign state interests while appearing compliant with charitable missions.",Obfuscation,Current,"Conduit funding refers to the use of intermediary nonprofit entities—often U.S.-registered 501(c)(3) organizations—to channel money from one source to another while obscuring the true origin, purpose, or beneficiary of the funds. In this mechanism, a legitimate nonprofit serves as a financial conduit for a fiscally sponsored project, allowing the actual sponsor to provide resources without direct disclosure or scrutiny. This structure can be exploited to fund influence operations, research initiatives, or media projects that advance foreign state interests while maintaining the appearance of compliance with charitable or educational missions. The fiscal sponsorship arrangement enables plausible deniability, limits transparency requirements, and masks the strategic intent behind the funding flow.","'- **Conduit Funding**: Conduit funding refers to the use of intermediary nonprofit entities—often U.S.-registered 501(c)(3) organizations—to channel money from one source to another while obscuring the true origin, purpose, or beneficiary of the funds. In this mechanism, a legitimate nonprofit serves as a financial conduit for a fiscally sponsored project, allowing the actual sponsor to provide resources without direct disclosure or scrutiny. This structure can be exploited to fund influence operations, research initiatives, or media projects that advance foreign state interests while maintaining the appearance of compliance with charitable or educational missions. The fiscal sponsorship arrangement enables plausible deniability, limits transparency requirements, and masks the strategic intent behind the funding flow.",,
Covert State Media,Obfuscation - Covert State Media,"Covert State Media involves using seemingly independent media entities to produce and distribute content that disguises direct involvement, thereby enhancing legitimacy and obscuring the source of messaging for influence operations.",Obfuscation,Current,"Actors produce and distribute content through ostensibly autonomous media entities or individuals to mask direct involvement and enhance perceived legitimacy. This method of information manipulation obscures the source of messaging, enabling influence operations to appear as spontaneous or independent discourse across diverse political and social contexts.","- **Covert State Media**: Actors produce and distribute content through ostensibly autonomous media entities or individuals to mask direct involvement and enhance perceived legitimacy. This method of information manipulation obscures the source of messaging, enabling influence operations to appear as spontaneous or independent discourse across diverse political and social contexts.",,
Document Manipulation,Obfuscation - Document Manipulation,"Document manipulation involves altering or omitting records to create false narratives, distort history, and conceal wrongdoing by exploiting the authority of official documents.",Obfuscation,Current,"The fabrication, alteration, or selective omission of records within official, institutional, or archival repositories to construct false narratives or obscure evidence. This mechanism exploits the perceived authority and permanence of documentary sources to legitimize false interpretations, distort historical understanding, and conceal wrongdoing.","- **Document Manipulation**: The fabrication, alteration, or selective omission of records within official, institutional, or archival repositories to construct false narratives or obscure evidence. This mechanism exploits the perceived authority and permanence of documentary sources to legitimize false interpretations, distort historical understanding, and conceal wrongdoing.",,
Domestic Operatives,Obfuscation - Domestic Operatives,Domestic operatives are local actors who manipulate social tensions and grievances for political gain by reframing national issues to create division and fear among communities.,Obfuscation,Current,"Native actors within the target country who exploit existing grievances and social tensions for political advantage. Their tactics include reframing national issues to pit communities against one another, encouraging fear of one another to consolidate support, distract from accountability, or undermine democratic cohesion. ","- **Domestic Operatives**: Native actors within the target country who exploit existing grievances and social tensions for political advantage. Their tactics include reframing national issues to pit communities against one another, encouraging fear of one another to consolidate support, distract from accountability, or undermine democratic cohesion. ",,
False Flag,Obfuscation - False Flag,A false flag is a deceptive act where misleading evidence is used to obscure the true identity of the operator and misdirect blame onto another party.,Obfuscation,Current,"A false flag is a deliberate act of deception in which the operator introduces misleading evidence—technical, linguistic, or institutional—to conceal their true identity and redirect blame toward another actor. In information operations, this can include spoofed infrastructure, fake affiliations, forged documents, or stylized rhetoric designed to mimic rival entities or dissidents.","- **False Flag**: A false flag is a deliberate act of deception in which the operator introduces misleading evidence—technical, linguistic, or institutional—to conceal their true identity and redirect blame toward another actor. In information operations, this can include spoofed infrastructure, fake affiliations, forged documents, or stylized rhetoric designed to mimic rival entities or dissidents.","False Flag-0004,False Flag-0010",
Front Organizations,Obfuscation - Front Organizations,"Front organizations disguise themselves as independent entities to covertly promote the interests of a state or intelligence service, using a façade of legitimacy to influence public perception while masking their true agendas.",Obfuscation,Current,"Front organizations are entities that present themselves as independent civic, cultural, academic, or humanitarian bodies while covertly advancing the interests of a state, intelligence service, or aligned network. They function as intermediaries between overt propaganda and covert influence, providing a façade of legitimacy that conceals coordination, funding, or control. 

These organizations often operate in plain sight—holding conferences, issuing reports, or engaging in public advocacy—while embedding regime-aligned narratives within seemingly neutral or benevolent activities. Their primary function is obfuscation through legitimacy transfer: laundering intent, authorship, and funding through institutional forms that audiences instinctively trust.","- **Front Organizations**: Front organizations are entities that present themselves as independent civic, cultural, academic, or humanitarian bodies while covertly advancing the interests of a state, intelligence service, or aligned network. They function as intermediaries between overt propaganda and covert influence, providing a façade of legitimacy that conceals coordination, funding, or control. 

These organizations often operate in plain sight—holding conferences, issuing reports, or engaging in public advocacy—while embedding regime-aligned narratives within seemingly neutral or benevolent activities. Their primary function is obfuscation through legitimacy transfer: laundering intent, authorship, and funding through institutional forms that audiences instinctively trust.",,
Illicit Finance,Obfuscation - Illicit Finance,"Illicit financial channels, such as cryptocurrencies and shell entities, are used to covertly fund influence operations while concealing the true sponsors, enabling narrative laundering and obscuring the origin of information manipulation.",Obfuscation,Current,"Illicit financial channels, including cryptocurrencies and shell entities, are used to covertly fund influence operations while obscuring the true sponsor’s identity. This mechanism enables regimes to support media outlets, activist groups, or individuals in ways that mask their involvement, facilitating narrative laundering and attribution denial. The primary function is to separate the financial source from the public-facing activity, ensuring that the origin and intent behind the information manipulation remain hidden from oversight and audiences.","- **Illicit Finance**: Illicit financial channels, including cryptocurrencies and shell entities, are used to covertly fund influence operations while obscuring the true sponsor’s identity. This mechanism enables regimes to support media outlets, activist groups, or individuals in ways that mask their involvement, facilitating narrative laundering and attribution denial. The primary function is to separate the financial source from the public-facing activity, ensuring that the origin and intent behind the information manipulation remain hidden from oversight and audiences.",,
Information Alibi,Obfuscation - Information Alibi,"False narratives are strategically created and spread to provide deniability for unlawful acts, shift blame, and obscure the perpetrator's responsibility, thereby hindering accountability and investigations.",Obfuscation,Current,"False narratives are preemptively crafted and disseminated to create plausible deniability for unlawful acts, shift blame onto adversaries, and obscure the perpetrator’s responsibility. This form of information manipulation constructs an alternative account of events before or immediately after the commission of a crime, enabling the responsible party to deflect accusations, hinder investigations, and undermine accountability by saturating the information environment with misleading explanations.","- **Information Alibi**: False narratives are preemptively crafted and disseminated to create plausible deniability for unlawful acts, shift blame onto adversaries, and obscure the perpetrator’s responsibility. This form of information manipulation constructs an alternative account of events before or immediately after the commission of a crime, enabling the responsible party to deflect accusations, hinder investigations, and undermine accountability by saturating the information environment with misleading explanations.",,"An information alibi is a false narrative released before or during an unlawful act to provide the perpetrator with deniability. Unlike post-hoc propaganda, it is timed to shape how audiences interpret an event as it happens — a ready-made explanation that deflects blame before any investigation can begin.

This concept is examined in detail by Jordash et al. in Manufacturing Impunity [@KC2025], which documents Russia's systematic use of information alibis in its war against Ukraine. Much of this section draws on that report.

How Information Alibis Work

Information alibis follow a three-phase pattern [@KC2025]:

Preemptive seeding. State-linked accounts claim a target — a hospital, school, or shelter — is being used for military purposes. These claims are vague but designed to plant doubt in advance.

Kinetic action. The strike occurs.

Amplification. The preemptive narrative is recycled through state media, diplomatic statements, and social media influencers, often accompanied by fabricated evidence. The original false claim becomes the official explanation.

By the time investigators arrive, a competing account is already in circulation. The tactic draws on the Soviet doctrine of maskirovka, which treated deception as integral to military operations [@glantz1989], and on reflexive control theory, which aims to lead adversaries toward false conclusions through managed information [@thomas2004]. Information alibis are a contemporary application: they give undecided audiences a reason to hesitate.

Case Studies from Ukraine

Manufacturing Impunity examines five incidents where information alibis were deployed alongside military operations [@KC2025]:

Mariupol Maternity Ward No. 3 (March 2022). Russia claimed beforehand that the hospital was occupied by Ukrainian forces. After the strike killed civilians, including a pregnant woman, the same claim was used to deny responsibility [@ap_mariupol_hospital2022; @KC2025].

Mariupol Drama Theater (March 2022). Despite ""children"" painted visibly outside the theater, Russian narratives blamed Ukrainian ""nationalists"" for staging the explosion. An AP investigation later documented approximately 600 deaths [@ap_mariupol_theater2022; @KC2025].

Kramatorsk Train Station (April 2022). After a missile strike killed dozens of evacuating civilians, Russia blamed Ukraine despite missile-type evidence pointing to Russian forces [@hrw_kramatorsk2023; @KC2025].

Olenivka POW Camp (July 2022). Russia claimed Ukraine struck its own captured soldiers — a narrative seeded in advance to support the claim that Ukraine silences prisoners [@hrw_olenivka2023; @KC2025].

Kakhovka Dam (June 2023). Narratives alleging Ukrainian sabotage plans circulated well before the dam's destruction, positioning Russia to deny involvement even as engineering evidence pointed to internal explosions [@nyt_kakhovka2023; @KC2025].

In each case, the alibi was prepared in advance and coordinated across Telegram, state television, embassy accounts, and proxy voices — an infrastructure of obfuscation running parallel to military planning.

Criminal Liability for Information Operations

Manufacturing Impunity asks whether those who design information alibis can be held criminally liable under international law [@KC2025]. Article 25(3)(d) of the Rome Statute establishes liability for anyone who intentionally contributes to a crime committed by a group with a common purpose [@icc_rome_statute]. This could extend to propagandists or diplomats who knowingly construct false narratives to facilitate or conceal war crimes.

Precedent exists. The ICTR convicted media figures in Prosecutor v. Nahimana for incitement to genocide through radio and print — establishing that information operations can constitute international crimes [@nahimana2003]. The ICTY's Prosecutor v. Mladić judgment treated propaganda as evidence of a coordinated campaign of ethnic cleansing [@mladic2017].

The report proposes a four-step methodology for building such cases, using the Kakhovka Dam as a model [@KC2025]: establish the underlying crime; map the information manipulation network; evaluate the limits of protected speech; and determine the appropriate mode of liability. The framework moves the conversation from naming disinformation campaigns toward prosecuting the people who build them."
Information Dissonance,Obfuscation - Information Dissonance,"Information dissonance involves spreading contradictory narratives to confuse the public, leading to difficulty in discerning credible information and promoting disengagement from political discourse.",Obfuscation,Current,"The deliberate propagation of multiple, mutually contradictory narratives to saturate the information environment and overwhelm cognitive processing. This fragmentation erodes the public’s ability to discern credible information, fosters epistemic fatigue, and enables manipulators to dismiss all competing claims as unreliable. The public has a tendency to settle on whatever affirms their existing world view and may disengage politically.","- **Information Dissonance**: The deliberate propagation of multiple, mutually contradictory narratives to saturate the information environment and overwhelm cognitive processing. This fragmentation erodes the public’s ability to discern credible information, fosters epistemic fatigue, and enables manipulators to dismiss all competing claims as unreliable. The public has a tendency to settle on whatever affirms their existing world view and may disengage politically.",,
Information Pollution,Obfuscation - Information Pollution,"Information pollution is the intentional flooding of the information environment with low-quality, contradictory content to hinder collective understanding and make discerning truth difficult, ultimately leading to public disengagement and a loss of confidence in factual reporting.",Obfuscation,Current,"The deliberate contamination of the information environment through high-volume, low-quality, or contradictory content designed to degrade collective sensemaking capacity rather than persuade. This mechanism operates through saturation rather than precision: flooding platforms with algorithmically generated articles, publishing multiple conflicting accounts of the same event, seeding AI-produced content that mimics legitimate journalism but lacks factual grounding, and overwhelming search results and social feeds with noise that obscures signal. The goal is not to convince audiences of a particular narrative but to make the determination of truth so effortful that disengagement becomes the rational response. Information pollution exploits the finite attention and processing capacity of both individuals and institutions—fact-checkers cannot keep pace, journalists cannot verify at scale, and ordinary users cannot distinguish authentic reporting from synthetic debris. The resulting environment advantages the polluter: when everything appears equally questionable, official denials carry the same weight as documented evidence, and the public loses confidence not just in specific claims but in the possibility of establishing shared facts. Unlike targeted disinformation, which seeks belief, information pollution seeks paralysis—a degraded epistemic commons in which manipulation becomes undetectable against a background of ambient noise.","- **Information Pollution**: The deliberate contamination of the information environment through high-volume, low-quality, or contradictory content designed to degrade collective sensemaking capacity rather than persuade. This mechanism operates through saturation rather than precision: flooding platforms with algorithmically generated articles, publishing multiple conflicting accounts of the same event, seeding AI-produced content that mimics legitimate journalism but lacks factual grounding, and overwhelming search results and social feeds with noise that obscures signal. The goal is not to convince audiences of a particular narrative but to make the determination of truth so effortful that disengagement becomes the rational response. Information pollution exploits the finite attention and processing capacity of both individuals and institutions—fact-checkers cannot keep pace, journalists cannot verify at scale, and ordinary users cannot distinguish authentic reporting from synthetic debris. The resulting environment advantages the polluter: when everything appears equally questionable, official denials carry the same weight as documented evidence, and the public loses confidence not just in specific claims but in the possibility of establishing shared facts. Unlike targeted disinformation, which seeks belief, information pollution seeks paralysis—a degraded epistemic commons in which manipulation becomes undetectable against a background of ambient noise.",,
Paid Influencers,Obfuscation - Paid Influencers,Undisclosed paid influencers are covertly compensated individuals or entities used by states or actors to promote specific narratives and manipulate public opinion while concealing their financial ties.,Obfuscation,Current,"Undisclosed paid influencers are individuals or entities covertly compensated by a state or actor to promote specific narratives while concealing their financial or organizational ties. This form of information manipulation leverages the perceived independence of these influencers to legitimize and amplify targeted messages, thereby shaping public opinion without revealing the orchestrated nature of the communication.","- **Paid Influencers**: Undisclosed paid influencers are individuals or entities covertly compensated by a state or actor to promote specific narratives while concealing their financial or organizational ties. This form of information manipulation leverages the perceived independence of these influencers to legitimize and amplify targeted messages, thereby shaping public opinion without revealing the orchestrated nature of the communication.",,
Shell Companies,Obfuscation - Shell Companies,"Shell companies are used to disguise state agendas as independent organizations, manipulating public perception and foreign influence while maintaining the facade of legitimacy.",Obfuscation,Current,"Entities are established or co-opted to present as independent organizations while covertly advancing state agendas, enabling the manipulation of public perception and foreign influence without revealing direct government involvement. This mechanism exploits the appearance of legitimacy and grassroots authenticity to embed state narratives within civil society, cultural exchanges, or media environments across diverse political contexts.","- **Shell Companies**: Entities are established or co-opted to present as independent organizations while covertly advancing state agendas, enabling the manipulation of public perception and foreign influence without revealing direct government involvement. This mechanism exploits the appearance of legitimacy and grassroots authenticity to embed state narratives within civil society, cultural exchanges, or media environments across diverse political contexts.",,
State-Media Partnerships,Obfuscation - State-Media Partnerships,"State actors create covert partnerships with independent media to disguise propaganda as authentic dissent, leveraging existing distrust of mainstream institutions to legitimize their narratives while obscuring their involvement.",Obfuscation,Current,"State actors form covert or semi-transparent relationships with ostensibly independent outlets—such as contrarian or “alternative” media platforms—to launder authorship, diffuse accountability, and extend reach through trusted intermediaries. These partnerships embed regime-aligned narratives within editorial ecosystems that present as oppositional, academic, or citizen-driven, allowing propaganda to circulate as authentic dissent rather than official messaging. By aligning with platforms that already attract skeptical or anti-establishment audiences, states exploit existing distrust of mainstream institutions to reframe foreign propaganda as domestic critique. This arrangement serves a dual purpose: it conceals the regime’s role (obfuscation) while gradually legitimizing its narratives through repeated citation and perceived independence. The outcome is a feedback loop of influence in which authorship is hidden, credibility is borrowed, and accountability is diffused, transforming state messaging into what appears to be spontaneous civic discourse.","'- **State-Media Partnerships**: State actors form covert or semi-transparent relationships with ostensibly independent outlets—such as contrarian or “alternative” media platforms—to launder authorship, diffuse accountability, and extend reach through trusted intermediaries. These partnerships embed regime-aligned narratives within editorial ecosystems that present as oppositional, academic, or citizen-driven, allowing propaganda to circulate as authentic dissent rather than official messaging. By aligning with platforms that already attract skeptical or anti-establishment audiences, states exploit existing distrust of mainstream institutions to reframe foreign propaganda as domestic critique. This arrangement serves a dual purpose: it conceals the regime’s role (obfuscation) while gradually legitimizing its narratives through repeated citation and perceived independence. The outcome is a feedback loop of influence in which authorship is hidden, credibility is borrowed, and accountability is diffused, transforming state messaging into what appears to be spontaneous civic discourse.",,
Technical Deception,Obfuscation - Technical Deception,"Technical Deception refers to the intentional use of digital methods to obscure the source and management of influence activities, including tactics like domain spoofing, fake analytics, botnets, and synthetic content creation.",Obfuscation,Current,"Technical Deception involves the deliberate use of digital and infrastructural techniques to conceal the origin, coordination, or control of influence activity. It includes domain/URL spoofing and mimicry, shared or falsified analytics/ad IDs, proxy/VPN/hosting chaining, anonymized registrant details, coordinated botnets and automated accounts with forged metadata, synthetic content generation (AI-written articles, deepfakes) deployed to mask human authorship, and deliberate manipulation of web-signal telemetry (referrers, headers, timestamps) to create false provenance or attribution.","'- **Technical Deception**: Technical Deception involves the deliberate use of digital and infrastructural techniques to conceal the origin, coordination, or control of influence activity. It includes domain/URL spoofing and mimicry, shared or falsified analytics/ad IDs, proxy/VPN/hosting chaining, anonymized registrant details, coordinated botnets and automated accounts with forged metadata, synthetic content generation (AI-written articles, deepfakes) deployed to mask human authorship, and deliberate manipulation of web-signal telemetry (referrers, headers, timestamps) to create false provenance or attribution.",,
Campaign Synchronization,Operational Multipliers - Campaign Synchronization,Campaign synchronization involves the strategic coordination of influence operations across various domains to create overwhelming psychological effects on target audiences.,Operational Multipliers,Current,"The deliberate coordination of influence operations across information, diplomatic, economic, and kinetic domains to produce mutually reinforcing psychological effects. Synchronization may involve timing cyberattacks to coincide with disinformation surges, aligning state media narratives with diplomatic messaging, or sequencing economic pressure alongside targeted propaganda. The compounding of effects across domains overwhelms target audiences' capacity to respond coherently, creating the impression of omnipresent pressure while obscuring the unified command behind disparate-seeming events.","- **Campaign Synchronization**: The deliberate coordination of influence operations across information, diplomatic, economic, and kinetic domains to produce mutually reinforcing psychological effects. Synchronization may involve timing cyberattacks to coincide with disinformation surges, aligning state media narratives with diplomatic messaging, or sequencing economic pressure alongside targeted propaganda. The compounding of effects across domains overwhelms target audiences' capacity to respond coherently, creating the impression of omnipresent pressure while obscuring the unified command behind disparate-seeming events.",Campaign Synchronization-0007,
Celebrity Networks,Operational Multipliers - Celebrity Networks,"State actors strategically amplify and cross-reference targeted content across various platforms to create a facade of legitimacy and expand reach, thereby embedding manipulated narratives within information ecosystems.",Operational Multipliers,Current,"State actors orchestrate the strategic amplification and cross-referencing of targeted content across multiple independent or semi-independent platforms to fabricate legitimacy and broaden reach. This mechanism leverages perceived endorsement and networked visibility to embed manipulated narratives within diverse information ecosystems, enhancing their persuasive power while obscuring centralized coordination.","- **Celebrity Networks**: State actors orchestrate the strategic amplification and cross-referencing of targeted content across multiple independent or semi-independent platforms to fabricate legitimacy and broaden reach. This mechanism leverages perceived endorsement and networked visibility to embed manipulated narratives within diverse information ecosystems, enhancing their persuasive power while obscuring centralized coordination.",,
Commercial Malign Influence,Operational Multipliers - Commercial Malign Influence,"Commercial entities now act as digital mercenaries, offering paid information manipulation services that detach influence from ideology and enable clients to outsource propaganda and disinformation campaigns.",Operational Multipliers,Current,"Commercial entities now operate as digital mercenaries, offering information manipulation as a paid service rather than an ideological act. These firms—ranging from public relations agencies and data analytics companies to covert influence consultancies—design and execute operations that shape narratives, distort perception, and engineer engagement for whoever can afford them. By commodifying manipulation, they transform influence into a market transaction: tailoring content dissemination, audience targeting, and perception management to the strategic needs of their clients.
This mechanism detaches influence from ideology, creating a global service industry that enables states, corporations, and political actors to outsource propaganda and disinformation with plausible deniability. Campaigns can be scaled rapidly across digital and traditional media, often blending authentic content with synthetic amplification to simulate organic support. In effect, the digital mercenary industry industrializes deception—turning influence itself into an exportable product that circulates freely across borders, platforms, and causes.","- **Commercial Malign Influence**: Commercial entities now operate as digital mercenaries, offering information manipulation as a paid service rather than an ideological act. These firms—ranging from public relations agencies and data analytics companies to covert influence consultancies—design and execute operations that shape narratives, distort perception, and engineer engagement for whoever can afford them. By commodifying manipulation, they transform influence into a market transaction: tailoring content dissemination, audience targeting, and perception management to the strategic needs of their clients.
This mechanism detaches influence from ideology, creating a global service industry that enables states, corporations, and political actors to outsource propaganda and disinformation with plausible deniability. Campaigns can be scaled rapidly across digital and traditional media, often blending authentic content with synthetic amplification to simulate organic support. In effect, the digital mercenary industry industrializes deception—turning influence itself into an exportable product that circulates freely across borders, platforms, and causes.",,
Data Poisoning and Grooming,Operational Multipliers - Data Poisoning and Grooming,"Data poisoning and grooming involve the intentional creation and dissemination of customized content to influence AI training datasets, embedding specific biases and narratives into machine learning outputs.",Operational Multipliers,Current,"Deliberate generation and distribution of tailored content designed to be incorporated into large-scale data repositories and training sets, thereby embedding specific narratives or biases into artificial intelligence outputs. This form of information manipulation exploits the data ingestion processes of machine learning systems to propagate targeted perspectives indirectly through automated responses.","- **Data Poisoning and Grooming**: Deliberate generation and distribution of tailored content designed to be incorporated into large-scale data repositories and training sets, thereby embedding specific narratives or biases into artificial intelligence outputs. This form of information manipulation exploits the data ingestion processes of machine learning systems to propagate targeted perspectives indirectly through automated responses.",,
Exploit Crises ,Operational Multipliers - Exploit Crises ,"Influence operations strategically exploit crises by timing their messaging to coincide with emergencies, which enhances message penetration and accelerates narrative adoption due to heightened emotional vulnerability and reduced critical scrutiny among populations.",Operational Multipliers,Current,"The strategic timing of influence operations to coincide with emergencies, disasters, conflicts, or periods of acute uncertainty when populations are cognitively vulnerable, emotionally activated, and seeking explanatory narratives. Crises compress decision-making timelines, elevate information-seeking behavior, and reduce critical scrutiny—conditions that amplify message penetration and accelerate narrative adoption. This mechanism multiplies operational impact through temporal positioning rather than volume or network scale.","- **Exploit Crises **: The strategic timing of influence operations to coincide with emergencies, disasters, conflicts, or periods of acute uncertainty when populations are cognitively vulnerable, emotionally activated, and seeking explanatory narratives. Crises compress decision-making timelines, elevate information-seeking behavior, and reduce critical scrutiny—conditions that amplify message penetration and accelerate narrative adoption. This mechanism multiplies operational impact through temporal positioning rather than volume or network scale.",,
Inauthentic Accounts or Engagement,Operational Multipliers - Inauthentic Accounts or Engagement,"Inauthentic accounts and engagement involve coordinated networks that artificially amplify social proof through rapid interactions, exploiting human psychology and platform algorithms to create the illusion of popularity and credibility.",Operational Multipliers,Current,"Networks of social media or digital accounts—automated, semi-automated, or human-operated—that coordinate to fabricate social proof through artificial amplification. These networks rapidly repost, like, comment on, or share content to manufacture the appearance of public endorsement, expert consensus, or organic popularity. The mechanism exploits both human psychology and platform architecture: audiences use engagement metrics as credibility heuristics, while algorithms interpret high engagement as a relevance signal warranting further promotion. Inauthentic engagement thus triggers a multiplier effect—coordinated activity generates artificial visibility, algorithmic amplification extends reach beyond the network itself, and the resulting social proof encourages genuine users to engage with or share content they might otherwise ignore. Networks range from crude botnets with detectable mechanical patterns to sophisticated operations that age accounts, vary behavior, and blend amplification with unrelated posting to evade detection. The infrastructure serves multiple functions: elevating preferred narratives, anchoring early interpretive frames before organic discourse develops, displacing or drowning competing content, and converting fringe claims into apparently mainstream positions through sheer metric fabrication.","- **Inauthentic Accounts or Engagement**: Networks of social media or digital accounts—automated, semi-automated, or human-operated—that coordinate to fabricate social proof through artificial amplification. These networks rapidly repost, like, comment on, or share content to manufacture the appearance of public endorsement, expert consensus, or organic popularity. The mechanism exploits both human psychology and platform architecture: audiences use engagement metrics as credibility heuristics, while algorithms interpret high engagement as a relevance signal warranting further promotion. Inauthentic engagement thus triggers a multiplier effect—coordinated activity generates artificial visibility, algorithmic amplification extends reach beyond the network itself, and the resulting social proof encourages genuine users to engage with or share content they might otherwise ignore. Networks range from crude botnets with detectable mechanical patterns to sophisticated operations that age accounts, vary behavior, and blend amplification with unrelated posting to evade detection. The infrastructure serves multiple functions: elevating preferred narratives, anchoring early interpretive frames before organic discourse develops, displacing or drowning competing content, and converting fringe claims into apparently mainstream positions through sheer metric fabrication.",,
Localize Content,Operational Multipliers - Localize Content,"Localization involves adapting foreign messaging to seem domestically produced by translating and culturally tailoring it to align with local contexts, enhancing its credibility and shareability while masking its external origins.",Operational Multipliers,Current,"The adaptation of foreign-origin messaging to appear domestically produced through translation, cultural tailoring, and contextual embedding within local grievances, idioms, and media formats. Localization enhances resonance by aligning content with audience expectations and familiar reference points, increasing credibility and shareability while obscuring the external coordination behind its production. The mechanism transforms generic propaganda into contextually authentic discourse.","- **Localize Content**: The adaptation of foreign-origin messaging to appear domestically produced through translation, cultural tailoring, and contextual embedding within local grievances, idioms, and media formats. Localization enhances resonance by aligning content with audience expectations and familiar reference points, increasing credibility and shareability while obscuring the external coordination behind its production. The mechanism transforms generic propaganda into contextually authentic discourse.",,
Mil-Bloggers,Operational Multipliers - Mil-Bloggers,"Mil-bloggers are seemingly independent military commentators who, while appearing grassroots, actually serve as controlled outlets for state narratives, enhancing credibility and shaping public perception while suppressing genuine dissent.",Operational Multipliers,Current,"Mil-bloggers are ostensibly independent military commentators—often veterans, embedded reporters, or nationalist influencers—who operate as semi-autonomous amplifiers of state narratives. While appearing grassroots or oppositional, they function as a controlled outlet for sanctioned critique, voicing tactical frustrations or battlefield insights that reinforce the regime’s overarching legitimacy and strategic goals. This calculated autonomy enhances credibility: by sounding authentic and unscripted, mil-bloggers can shape public perception more effectively than overt propaganda.
The state leverages this illusion of independence to diffuse accountability and test narrative boundaries, allowing limited dissent within safe ideological limits while suppressing genuinely critical discourse. In practice, mil-bloggers serve as proxy communicators of power—translating official objectives into culturally resonant, emotionally charged commentary that sustains public engagement, deflects blame, and normalizes prolonged conflict without ever disclosing their coordination with state structures.","- **Mil-Bloggers**: Mil-bloggers are ostensibly independent military commentators—often veterans, embedded reporters, or nationalist influencers—who operate as semi-autonomous amplifiers of state narratives. While appearing grassroots or oppositional, they function as a controlled outlet for sanctioned critique, voicing tactical frustrations or battlefield insights that reinforce the regime’s overarching legitimacy and strategic goals. This calculated autonomy enhances credibility: by sounding authentic and unscripted, mil-bloggers can shape public perception more effectively than overt propaganda.
The state leverages this illusion of independence to diffuse accountability and test narrative boundaries, allowing limited dissent within safe ideological limits while suppressing genuinely critical discourse. In practice, mil-bloggers serve as proxy communicators of power—translating official objectives into culturally resonant, emotionally charged commentary that sustains public engagement, deflects blame, and normalizes prolonged conflict without ever disclosing their coordination with state structures.","Mil-Bloggers-0005,Mil-Bloggers-0006",
Online Influencer Coordination,Operational Multipliers - Online Influencer Coordination,Online Influencer Coordination involves networks of influencers and algorithmically linked accounts that blend authentic engagement with covert promotion to manipulate public perception and discourse around divisive issues.,Operational Multipliers,Current,"Online Influencer Coordination refers to digitally native ecosystems of influencers, amplification pods, and algorithmically linked accounts that synchronize messaging to manufacture visibility and emotional intensity around divisive themes. These networks merge authentic participation with covert or paid promotion, eroding the distinction between genuine expression and orchestrated manipulation. By weaponizing social validation, parasocial trust, and algorithmic feedback loops, coordinated influencers can steer discourse, normalize fringe ideas, and provoke hostility between social groups. The result is an engineered perception of consensus or conflict—a scalable, low-cost mechanism that multiplies the impact of influence operations without requiring overt state control or explicit propaganda infrastructure.","- **Online Influencer Coordination**: Online Influencer Coordination refers to digitally native ecosystems of influencers, amplification pods, and algorithmically linked accounts that synchronize messaging to manufacture visibility and emotional intensity around divisive themes. These networks merge authentic participation with covert or paid promotion, eroding the distinction between genuine expression and orchestrated manipulation. By weaponizing social validation, parasocial trust, and algorithmic feedback loops, coordinated influencers can steer discourse, normalize fringe ideas, and provoke hostility between social groups. The result is an engineered perception of consensus or conflict—a scalable, low-cost mechanism that multiplies the impact of influence operations without requiring overt state control or explicit propaganda infrastructure.",,
Platform Manipulation,Operational Multipliers - Platform Manipulation,"Algorithmic manipulation on digital platforms involves coordinated actions to artificially influence the visibility of information, shaping public perception by amplifying preferred narratives and suppressing opposing ones.",Operational Multipliers,Current,"Algorithmic manipulation exploits the rules and features of digital platforms to artificially amplify, suppress, or distort the visibility of information. Coordinated actors systematically engage with content—such as mass liking, sharing, commenting, or reporting—to trigger algorithmic responses that elevate preferred narratives or diminish opposing ones, thereby shaping public perception and discourse without transparent attribution.","- **Platform Manipulation**: Algorithmic manipulation exploits the rules and features of digital platforms to artificially amplify, suppress, or distort the visibility of information. Coordinated actors systematically engage with content—such as mass liking, sharing, commenting, or reporting—to trigger algorithmic responses that elevate preferred narratives or diminish opposing ones, thereby shaping public perception and discourse without transparent attribution.",,
Social Media Amplification,Operational Multipliers - Social Media Amplification,Coordinated networks of fake online personas amplify specific narratives on social media to create artificial consensus and manipulate public perception.,Operational Multipliers,Current,Coordinated networks of fabricated or controlled online personas systematically amplify targeted narratives across social media platforms to create artificial consensus and increase message reach. This form of information manipulation leverages synchronized activity and platform algorithms to distort public discourse and shape perceptions by simulating widespread grassroots support.,- **Social Media Amplification**: Coordinated networks of fabricated or controlled online personas systematically amplify targeted narratives across social media platforms to create artificial consensus and increase message reach. This form of information manipulation leverages synchronized activity and platform algorithms to distort public discourse and shape perceptions by simulating widespread grassroots support.,,
State-Aligned Organizing,Operational Multipliers - State-Aligned Organizing,"State-aligned social groups create the illusion of grassroots activism to promote state interests by organizing public demonstrations, silencing dissent, and spreading strategic narratives.",Operational Multipliers,Current,"State-aligned social groups mobilize public demonstrations, target dissenting voices, and propagate strategic narratives while maintaining the appearance of independent grassroots activism. This form of information manipulation leverages ostensibly autonomous actors to amplify state interests, obscure direct control, and legitimize contested messages within the public sphere.","- **State-Aligned Organizing**: State-aligned social groups mobilize public demonstrations, target dissenting voices, and propagate strategic narratives while maintaining the appearance of independent grassroots activism. This form of information manipulation leverages ostensibly autonomous actors to amplify state interests, obscure direct control, and legitimize contested messages within the public sphere.",,
State-Content Syndicators,Operational Multipliers - State-Content Syndicators,"State-Content Syndicators are entities that collect and redistribute state-controlled content, either by remixing it with unrelated information or by directly republishing it, thereby obscuring its origin and enhancing its reach.",Operational Multipliers,Current,"State-Content Syndicators are entities—ranging from high-volume aggregators to direct republishers—that systematically collect, recycle, paraphrase, or syndicate material originating from state-controlled or state-aligned sources. They embed this content within broader streams of unrelated information, obscuring provenance and amplifying reach.
Syndicators operate along a spectrum:
- Aggregator-mode: They pull in and remix state-aligned material alongside generic news, commentary, or scraped content, reducing the visibility of the original source and normalizing propaganda within an apparently diverse feed.
- Republisher-mode: They directly mirror or lightly edit state-produced articles, videos, or statements, often targeting foreign audiences and using their own platform’s credibility to launder the narrative.
- Across both modes, the core function remains the same: extend the visibility, lifespan, and perceived independence of state narratives by routing them through intermediate outlets that appear structurally or editorially separate from the originating state.","- **State-Content Syndicators**: State-Content Syndicators are entities—ranging from high-volume aggregators to direct republishers—that systematically collect, recycle, paraphrase, or syndicate material originating from state-controlled or state-aligned sources. They embed this content within broader streams of unrelated information, obscuring provenance and amplifying reach.
Syndicators operate along a spectrum:
- Aggregator-mode: They pull in and remix state-aligned material alongside generic news, commentary, or scraped content, reducing the visibility of the original source and normalizing propaganda within an apparently diverse feed.
- Republisher-mode: They directly mirror or lightly edit state-produced articles, videos, or statements, often targeting foreign audiences and using their own platform’s credibility to launder the narrative.
- Across both modes, the core function remains the same: extend the visibility, lifespan, and perceived independence of state narratives by routing them through intermediate outlets that appear structurally or editorially separate from the originating state.",,
State-Integrated Criminal Networks,Operational Multipliers - State-Integrated Criminal Networks,"State-integrated criminal networks are hybrid entities that combine organized crime with political and intelligence systems to further regime goals through coercion, corruption, and illicit finance, acting as a shadow governance structure.",Operational Multipliers,Current,"State-integrated criminal networks are hybrid structures where organized crime merges with political and intelligence ecosystems to advance regime objectives. Operating through coercion, illicit finance, and corruption, these networks enforce compliance, manage clandestine logistics, and channel resources for influence operations. They function as a parallel arm of governance—a shadow infrastructure of control and profit that fuses criminal enterprise with state power.","- **State-Integrated Criminal Networks**: State-integrated criminal networks are hybrid structures where organized crime merges with political and intelligence ecosystems to advance regime objectives. Operating through coercion, illicit finance, and corruption, these networks enforce compliance, manage clandestine logistics, and channel resources for influence operations. They function as a parallel arm of governance—a shadow infrastructure of control and profit that fuses criminal enterprise with state power.",,
Train-the-Trainers,Operational Multipliers - Train-the-Trainers,"State actors utilize trained intermediaries to embed within communities, promoting state-aligned narratives through trusted social channels, thereby creating a multiplier effect that enhances influence while maintaining plausible deniability.",Operational Multipliers,Current,"State actors develop and deploy intermediaries trained in ideological, strategic, or technical influence techniques who then embed within target communities or organizations to propagate narratives aligned with state objectives. This mechanism transforms external direction into localized, seemingly autonomous activity, allowing influence to spread through trusted social channels rather than overt propaganda. By equipping participants to teach, mobilize, and message within their own networks, it creates a multiplier effect—sustaining and expanding state-aligned narratives while preserving plausible deniability and the appearance of grassroots authenticity.","- **Train-the-Trainers**: State actors develop and deploy intermediaries trained in ideological, strategic, or technical influence techniques who then embed within target communities or organizations to propagate narratives aligned with state objectives. This mechanism transforms external direction into localized, seemingly autonomous activity, allowing influence to spread through trusted social channels rather than overt propaganda. By equipping participants to teach, mobilize, and message within their own networks, it creates a multiplier effect—sustaining and expanding state-aligned narratives while preserving plausible deniability and the appearance of grassroots authenticity.",,
Abuse of Diaspora,Projection Abroad - Abuse of Diaspora,"Authoritarian regimes exploit diaspora communities as tools for influence operations, undermining democratic sovereignty and failing to protect these populations from coercion and manipulation.",Projection Abroad,Current,"Diaspora communities are not instruments of state control. They are transnational populations shaped by displacement, war, labor migration, or exile, carrying memories, identities, and frequently trauma. Diasporas are not inherently political actors, nor should they be treated as proxies for regimes they fled.
Yet, authoritarian states regularly exploit diaspora communities, capitalizing on language, kinship ties, cultural memories, and trust networks. Just as these regimes abuse open societies' freedoms—free speech protections and democratic tolerance—to launder manipulated information or incite division, they exploit diaspora communities as cover for influence operations. This exploitation reflects not on the diaspora itself, but rather on how hostile states weaponize the social cohesion and freedoms diasporas embody.
Such incursions are part of a broader authoritarian strategy that exploits the openness of liberal societies, including freedom of expression, religious liberty, academic independence, and multicultural pluralism. The issue is not freedom itself, but the asymmetric exploitation of that freedom by regimes that deny such liberties at home.
This issue is not merely about diaspora manipulation. It is fundamentally about democratic failure.
When authoritarian regimes operate within democratic societies—coercing individuals, hijacking community institutions, exporting surveillance, and manipulating narratives—they are not engaging in mere meddling. They are directly violating sovereignty. Such intrusions are not subtle or symbolic; they are blatant acts of aggression carried out with alarming impunity.
The responsibility for these violations lies not with the diaspora communities but with the governments that fail to protect them. Democratic states have repeatedly allowed adversarial powers to conduct hostile operations on their territory, targeting their own residents without meaningful consequences, exposure, or deterrence. They have blurred critical distinctions between cultural exchange and covert infiltration, abandoning exiles who fled authoritarian regimes only to face their oppressors’ reach unimpeded abroad.
This failure creates predictable consequences. Without enforcement, intrusion becomes normalized, and without consequence, boundaries erode. When democratic governments hesitate, adversaries escalate their aggression.
This is not an isolated incident—it is a pervasive pattern occurring openly in capital cities, university campuses, cultural institutions, and digital spaces throughout the democratic world. The message sent to aggressors and allies alike is clear and deeply damaging: democratic sovereignty can be negotiated, harassment and coercion are acceptable if carried out discreetly, and citizen and resident rights are conditionally protected.
This must end.
Democracies must cease mistaking restraint for strength. They must accurately label these incursions as hostile operations and meet them decisively with a clear, coordinated, and uncompromising response.
Sovereignty is not symbolic; it is a state's fundamental obligation. Failing to defend sovereignty—in the name of caution, optics, or inertia—does not enhance democratic principles; it betrays them.","- **Abuse of Diaspora**: Diaspora communities are not instruments of state control. They are transnational populations shaped by displacement, war, labor migration, or exile, carrying memories, identities, and frequently trauma. Diasporas are not inherently political actors, nor should they be treated as proxies for regimes they fled.
Yet, authoritarian states regularly exploit diaspora communities, capitalizing on language, kinship ties, cultural memories, and trust networks. Just as these regimes abuse open societies' freedoms—free speech protections and democratic tolerance—to launder manipulated information or incite division, they exploit diaspora communities as cover for influence operations. This exploitation reflects not on the diaspora itself, but rather on how hostile states weaponize the social cohesion and freedoms diasporas embody.
Such incursions are part of a broader authoritarian strategy that exploits the openness of liberal societies, including freedom of expression, religious liberty, academic independence, and multicultural pluralism. The issue is not freedom itself, but the asymmetric exploitation of that freedom by regimes that deny such liberties at home.
This issue is not merely about diaspora manipulation. It is fundamentally about democratic failure.
When authoritarian regimes operate within democratic societies—coercing individuals, hijacking community institutions, exporting surveillance, and manipulating narratives—they are not engaging in mere meddling. They are directly violating sovereignty. Such intrusions are not subtle or symbolic; they are blatant acts of aggression carried out with alarming impunity.
The responsibility for these violations lies not with the diaspora communities but with the governments that fail to protect them. Democratic states have repeatedly allowed adversarial powers to conduct hostile operations on their territory, targeting their own residents without meaningful consequences, exposure, or deterrence. They have blurred critical distinctions between cultural exchange and covert infiltration, abandoning exiles who fled authoritarian regimes only to face their oppressors’ reach unimpeded abroad.
This failure creates predictable consequences. Without enforcement, intrusion becomes normalized, and without consequence, boundaries erode. When democratic governments hesitate, adversaries escalate their aggression.
This is not an isolated incident—it is a pervasive pattern occurring openly in capital cities, university campuses, cultural institutions, and digital spaces throughout the democratic world. The message sent to aggressors and allies alike is clear and deeply damaging: democratic sovereignty can be negotiated, harassment and coercion are acceptable if carried out discreetly, and citizen and resident rights are conditionally protected.
This must end.
Democracies must cease mistaking restraint for strength. They must accurately label these incursions as hostile operations and meet them decisively with a clear, coordinated, and uncompromising response.
Sovereignty is not symbolic; it is a state's fundamental obligation. Failing to defend sovereignty—in the name of caution, optics, or inertia—does not enhance democratic principles; it betrays them.",,
Corruption Exportation,Projection Abroad - Corruption Exportation,"Corruption exportation is a strategy where state or aligned actors embed corrupt practices in foreign institutions to create dependency and exert influence, compromising their decision-making autonomy.",Projection Abroad,Current,"A mechanism through which state or aligned actors introduce, normalize, or reinforce corrupt financial, political, or administrative practices within foreign institutions. By embedding bribery, opaque transactions, or patronage networks, this approach cultivates dependency and leverage, compromising decision-making autonomy. Corruption exportation transforms systemic corruption into a strategic instrument of coercion and long-term influence.","- **Corruption Exportation**: A mechanism through which state or aligned actors introduce, normalize, or reinforce corrupt financial, political, or administrative practices within foreign institutions. By embedding bribery, opaque transactions, or patronage networks, this approach cultivates dependency and leverage, compromising decision-making autonomy. Corruption exportation transforms systemic corruption into a strategic instrument of coercion and long-term influence.",,
Cultural Infrastructure,Projection Abroad - Cultural Infrastructure,State actors create and fund cultural institutions abroad to extend their influence and promote their narratives under the guise of cultural diplomacy.,Projection Abroad,Current,"State actors establish or finance permanent cultural outposts, exchange networks, or educational institutions in foreign environments to extend ideological and operational reach beyond national borders. These entities—such as cultural centers, language institutes, or state-linked academic programs—serve as soft-power anchors that cultivate sympathetic elites, shape local discourse, and maintain durable channels of influence. Operating under the guise of cultural diplomacy, they embed the regime’s narratives within host societies, aligning foreign audiences with its strategic interests. Their primary function is presence projection—building enduring influence capacity under the appearance of cultural cooperation.","- **Cultural Infrastructure**: State actors establish or finance permanent cultural outposts, exchange networks, or educational institutions in foreign environments to extend ideological and operational reach beyond national borders. These entities—such as cultural centers, language institutes, or state-linked academic programs—serve as soft-power anchors that cultivate sympathetic elites, shape local discourse, and maintain durable channels of influence. Operating under the guise of cultural diplomacy, they embed the regime’s narratives within host societies, aligning foreign audiences with its strategic interests. Their primary function is presence projection—building enduring influence capacity under the appearance of cultural cooperation.",,
Election Meddling,Projection Abroad - Election Meddling,"Electoral meddling involves foreign influence in a country's political process through narrative manipulation and institutional support, aiming to shape perceptions rather than directly interfere with voting.",Projection Abroad,Current,"Electoral meddling refers to the covert projection of a foreign state’s influence into another country’s political process through narrative and institutional manipulation rather than direct vote interference. It operates by laundering regime-authored content—such as research papers, opinion pieces, leaks, or documentaries—through trusted domestic intermediaries like think tanks, universities, NGOs, or media outlets, concealing its origin while borrowing their credibility.
The goal is not to alter ballots but to precondition perception: to shape how voters, elites, and institutions interpret the stakes of the election, the character of its participants, and the legitimacy of its outcome. By embedding foreign narratives within the language of expertise and civic discourse, electoral meddling reframes democratic competition as corruption, chaos, or foreign aggression while promoting authoritarian stability as its antidote.","- **Election Meddling**: Electoral meddling refers to the covert projection of a foreign state’s influence into another country’s political process through narrative and institutional manipulation rather than direct vote interference. It operates by laundering regime-authored content—such as research papers, opinion pieces, leaks, or documentaries—through trusted domestic intermediaries like think tanks, universities, NGOs, or media outlets, concealing its origin while borrowing their credibility.
The goal is not to alter ballots but to precondition perception: to shape how voters, elites, and institutions interpret the stakes of the election, the character of its participants, and the legitimacy of its outcome. By embedding foreign narratives within the language of expertise and civic discourse, electoral meddling reframes democratic competition as corruption, chaos, or foreign aggression while promoting authoritarian stability as its antidote.",,
Exploitation of Spirituality,Projection Abroad - Exploitation of Spirituality,"Exploitation of spirituality involves appropriating or fabricating religious themes to manipulate narratives, erode trust, incite division, and undermine adversaries by portraying them as threats to faith.",Projection Abroad,Current,"Religious themes, figures, or institutions are appropriated or fabricated to lend authority and emotional resonance to manipulated narratives. This form of information manipulation exploits spiritual beliefs or identities to erode trust, incite division, or undermine adversaries by framing targeted entities as hostile to a faith or its adherents.","- **Exploitation of Spirituality**: Religious themes, figures, or institutions are appropriated or fabricated to lend authority and emotional resonance to manipulated narratives. This form of information manipulation exploits spiritual beliefs or identities to erode trust, incite division, or undermine adversaries by framing targeted entities as hostile to a faith or its adherents.",,
Fragment Alliances,Projection Abroad - Fragment Alliances,Fragment Alliances involves undermining coalitions and multilateral relationships by exacerbating tensions and grievances among partner states to weaken their collective effectiveness and create opportunities for bilateral exploitation.,Projection Abroad,Current,"The act of targeting coalitions, alliances, or multilateral relationships by amplifying tensions, grievances, or policy disagreements between partner states or organizations. Operations may exploit historical disputes, burden-sharing conflicts, or divergent threat perceptions to erode trust and coordination capacity among adversaries. By weakening collective defense arrangements or diplomatic alignment, fragmentation reduces the coherence and effectiveness of opposing blocs while creating opportunities for bilateral exploitation of isolated members.","- **Fragment Alliances**: The act of targeting coalitions, alliances, or multilateral relationships by amplifying tensions, grievances, or policy disagreements between partner states or organizations. Operations may exploit historical disputes, burden-sharing conflicts, or divergent threat perceptions to erode trust and coordination capacity among adversaries. By weakening collective defense arrangements or diplomatic alignment, fragmentation reduces the coherence and effectiveness of opposing blocs while creating opportunities for bilateral exploitation of isolated members.",,
Malign Foreign Aid,Projection Abroad - Malign Foreign Aid,"Malign foreign aid is the strategic provision of assistance designed to create dependency and political compliance in recipient countries, masking coercive influence as benevolent support.",Projection Abroad,Current,"Malign foreign aid involves the strategic deployment of financial or material assistance to foreign governments, organizations, or communities not to promote development, but to cultivate dependency and political compliance. Under the guise of humanitarian relief, infrastructure investment, or capacity-building, aid is structured to create enduring leverage—binding recipients through conditional funding, debt, or preferential contracts that align their policies with the donor’s geopolitical objectives.
This mechanism transforms assistance into a coercive instrument of influence, embedding the provider’s priorities within the recipient’s governance and decision-making structures. By coupling generosity with obligation, malign foreign aid disguises control as partnership, advancing authoritarian or strategic interests while maintaining the façade of benevolent international engagement.","- **Malign Foreign Aid**: Malign foreign aid involves the strategic deployment of financial or material assistance to foreign governments, organizations, or communities not to promote development, but to cultivate dependency and political compliance. Under the guise of humanitarian relief, infrastructure investment, or capacity-building, aid is structured to create enduring leverage—binding recipients through conditional funding, debt, or preferential contracts that align their policies with the donor’s geopolitical objectives.
This mechanism transforms assistance into a coercive instrument of influence, embedding the provider’s priorities within the recipient’s governance and decision-making structures. By coupling generosity with obligation, malign foreign aid disguises control as partnership, advancing authoritarian or strategic interests while maintaining the façade of benevolent international engagement.",,
Mercenary Companies,Projection Abroad - Mercenary Companies,"Oligarchic mercenary companies like the Wagner Group serve as extralegal extensions of state power, blending military force, economic exploitation, and propaganda to project influence globally while maintaining plausible deniability for the Russian regime.",Projection Abroad,Current,"Oligarchic mercenary companies such as the Wagner Group represent a sophisticated evolution of state violence: a fusion of military coercion, commercial exploitation, and narrative warfare—all under the veil of deniability. These organizations function not as rogue actors but as extralegal arms of the regime, used to project power, maintain plausible deniability, and entrench influence across global theaters.
Though labeled a “private military company” (PMC), Wagner has never operated independently [58–60]. Ex-GRU commander Dmitry Utkin founded the organization, which was effectively run by the Russian oligarch Yevgeny Prigozhin, whose tight relationships with Russian intelligence and defense leaders have been extensively documented [61]. 
Investigations have revealed that Wagner operatives were trained at facilities adjacent to the GRU in Molkyno, and that Prigozhin maintained regular contact with senior figures, including Defense Minister Sergei Shoigu and GRU General Alexey Dyumin. Wagner's command structure thus lies within the orbit of Russian military intelligence, and its operational freedom depends on state protection [62,63].
Despite its nominal illegality—private military companies remain neither fully legal nor banned under Russian law—Wagner was heavily deployed by the Russian state in Crimea, Donbas, Syria, Libya, Sudan, the Central African Republic (CAR), and Mali [64–70]. 
Wagner performed state-like functions in many regions: training foreign forces, managing VIP protection, conducting election influence campaigns, extracting resources (notably gold, oil, and rare minerals), and targeting journalists. In CAR alone, Wagner operatives have been implicated in murders of investigative reporters, UN-targeted attacks, and systematic extrajudicial executions [71,72].
The company also oversaw front entities, such as AFRIC (Association for Free Research and International Cooperation) and Africa Back Office, which were tasked with developing and deploying influence strategies—combining military intimidation with politically driven propaganda, economic infiltration, and ethnographic manipulation [49,73,74]. These units coordinated directly with Russia’s Ministry of Foreign Affairs and Ministry of Defense, collapsing the public-private divide.
Oligarchic mercenary companies like Wagner operate in both the physical and cognitive planes, while helping a regime specifically avoid things like diplomatic recognition:
- Physically, they act as an irregular army, capable of force projection, regime protection, and deterrence [17,65,73,75].
- Cognitively, they instill fear, signal regime reach, suppress journalism, and provide “muscle” for hybrid influence campaigns [73,76,77].
Their utility lies in strategic ambiguity. Wagner can be activated globally without triggering formal war thresholds or diplomatic consequences. When caught, it is disavowed. When successful, it reshapes realities in favor of Russian interests—militarily, economically, and ideologically.
Even after the failed 2023 mutiny and the apparent death of Prigozhin, Wagner’s model has persisted. Reports suggest that its activities are fragmented into successor companies, such as RPOST-M LLC in Syria, which continue operations under new names while preserving structural continuity [78]. This modular restructuring allows the Kremlin to maintain the strategic value of coercive proxy forces while diffusing liability and reasserting control.
In this way, oligarchic mercenary companies are not merely battlefield tools. They are command-and-control extensions of the regime itself, carrying out geopolitically sensitive missions that no formal institution could claim—and no adversary can easily counter [49,60,72,79,80].","'- **Mercenary Companies**: Oligarchic mercenary companies such as the Wagner Group represent a sophisticated evolution of state violence: a fusion of military coercion, commercial exploitation, and narrative warfare—all under the veil of deniability. These organizations function not as rogue actors but as extralegal arms of the regime, used to project power, maintain plausible deniability, and entrench influence across global theaters.
Though labeled a “private military company” (PMC), Wagner has never operated independently [58–60]. Ex-GRU commander Dmitry Utkin founded the organization, which was effectively run by the Russian oligarch Yevgeny Prigozhin, whose tight relationships with Russian intelligence and defense leaders have been extensively documented [61]. 
Investigations have revealed that Wagner operatives were trained at facilities adjacent to the GRU in Molkyno, and that Prigozhin maintained regular contact with senior figures, including Defense Minister Sergei Shoigu and GRU General Alexey Dyumin. Wagner's command structure thus lies within the orbit of Russian military intelligence, and its operational freedom depends on state protection [62,63].
Despite its nominal illegality—private military companies remain neither fully legal nor banned under Russian law—Wagner was heavily deployed by the Russian state in Crimea, Donbas, Syria, Libya, Sudan, the Central African Republic (CAR), and Mali [64–70]. 
Wagner performed state-like functions in many regions: training foreign forces, managing VIP protection, conducting election influence campaigns, extracting resources (notably gold, oil, and rare minerals), and targeting journalists. In CAR alone, Wagner operatives have been implicated in murders of investigative reporters, UN-targeted attacks, and systematic extrajudicial executions [71,72].
The company also oversaw front entities, such as AFRIC (Association for Free Research and International Cooperation) and Africa Back Office, which were tasked with developing and deploying influence strategies—combining military intimidation with politically driven propaganda, economic infiltration, and ethnographic manipulation [49,73,74]. These units coordinated directly with Russia’s Ministry of Foreign Affairs and Ministry of Defense, collapsing the public-private divide.
Oligarchic mercenary companies like Wagner operate in both the physical and cognitive planes, while helping a regime specifically avoid things like diplomatic recognition:
- Physically, they act as an irregular army, capable of force projection, regime protection, and deterrence [17,65,73,75].
- Cognitively, they instill fear, signal regime reach, suppress journalism, and provide “muscle” for hybrid influence campaigns [73,76,77].
Their utility lies in strategic ambiguity. Wagner can be activated globally without triggering formal war thresholds or diplomatic consequences. When caught, it is disavowed. When successful, it reshapes realities in favor of Russian interests—militarily, economically, and ideologically.
Even after the failed 2023 mutiny and the apparent death of Prigozhin, Wagner’s model has persisted. Reports suggest that its activities are fragmented into successor companies, such as RPOST-M LLC in Syria, which continue operations under new names while preserving structural continuity [78]. This modular restructuring allows the Kremlin to maintain the strategic value of coercive proxy forces while diffusing liability and reasserting control.
In this way, oligarchic mercenary companies are not merely battlefield tools. They are command-and-control extensions of the regime itself, carrying out geopolitically sensitive missions that no formal institution could claim—and no adversary can easily counter [49,60,72,79,80].",,
Oligarchic Mercenary Company,Projection Abroad - Oligarchic Mercenary Company,Oligarchic mercenary companies are privately controlled military organizations that operate independently to provide military services while pursuing the strategic interests of elite power brokers.,Projection Abroad,Current,"Oligarchic mercenary companies are private military organizations controlled by elite power brokers or oligarchs, operating independently of sovereign state command structures to provide military services, often pursuing their own strategic interests and maintaining significant influence through wealth and political connections.","- **Oligarchic Mercenary Company**: Oligarchic mercenary companies are private military organizations controlled by elite power brokers or oligarchs, operating independently of sovereign state command structures to provide military services, often pursuing their own strategic interests and maintaining significant influence through wealth and political connections.",,
Support Autocratic Leaders,Projection Abroad - Support Autocratic Leaders,"Supporting autocratic leaders entails offering resources like diplomatic backing, financial aid, and media support to sustain authoritarian regimes and expand influence.",Projection Abroad,Current,"Supporting autocratic leaders involves providing political, economic, or informational resources to maintain or strengthen authoritarian regimes. This mechanism may include diplomatic backing, financial aid, media support, or security assistance, with the aim of preserving friendly governments or expanding influence.","- **Support Autocratic Leaders**: Supporting autocratic leaders involves providing political, economic, or informational resources to maintain or strengthen authoritarian regimes. This mechanism may include diplomatic backing, financial aid, media support, or security assistance, with the aim of preserving friendly governments or expanding influence.",,
Cognitive Attrition,Sabotage - Cognitive Attrition,"Cognitive attrition is a strategy that gradually undermines a population's critical thinking, emotional resilience, and engagement with complex information, leading to apathy and withdrawal from public discourse through sustained exposure to conflicting claims and uncertainty.",Sabotage,Current,"Sustained multi-vector pressure designed to exhaust a population's critical thinking capacity, emotional resilience, and willingness to engage with complex information over time. Rather than seeking immediate persuasion, cognitive attrition degrades the target's long-term ability to process, evaluate, and respond to information—producing apathy, cynicism, and withdrawal from public discourse. The mechanism treats attention and cognitive endurance as finite resources to be depleted through persistent exposure to contradictory claims, manufactured outrage, and unresolvable uncertainty.","- **Cognitive Attrition**: Sustained multi-vector pressure designed to exhaust a population's critical thinking capacity, emotional resilience, and willingness to engage with complex information over time. Rather than seeking immediate persuasion, cognitive attrition degrades the target's long-term ability to process, evaluate, and respond to information—producing apathy, cynicism, and withdrawal from public discourse. The mechanism treats attention and cognitive endurance as finite resources to be depleted through persistent exposure to contradictory claims, manufactured outrage, and unresolvable uncertainty.",,
Covert Criminal Activity,Sabotage - Covert Criminal Activity,Covert criminal activity involves the strategic use of illicit actors and networks by a state to achieve political objectives while maintaining plausible deniability and appearing as independent criminal acts.,Sabotage,Current,"Covert criminal activity refers to the deliberate use of illicit actors, criminal networks, or unlawful operations to execute influence objectives that a state cannot carry out overtly. These activities are structured to appear as independent criminality while serving strategic political purposes—whether to intimidate, destabilize, fabricate social tensions, or mask the state’s involvement. Covert criminal activity weaponizes illegality to degrade institutions, intimidate populations, and create plausible deniability for actions that would be politically or diplomatically costly if openly attributed to a regime. This mechanism is distinct from organic criminal behavior. It involves state-enabled, state-aligned, or state-directed criminal acts that serve geopolitical or informational objectives while exploiting the opacity, expendability, and deniable nature of criminal actors.","- **Covert Criminal Activity**: Covert criminal activity refers to the deliberate use of illicit actors, criminal networks, or unlawful operations to execute influence objectives that a state cannot carry out overtly. These activities are structured to appear as independent criminality while serving strategic political purposes—whether to intimidate, destabilize, fabricate social tensions, or mask the state’s involvement. Covert criminal activity weaponizes illegality to degrade institutions, intimidate populations, and create plausible deniability for actions that would be politically or diplomatically costly if openly attributed to a regime. This mechanism is distinct from organic criminal behavior. It involves state-enabled, state-aligned, or state-directed criminal acts that serve geopolitical or informational objectives while exploiting the opacity, expendability, and deniable nature of criminal actors.",,
Destructive Cyber Operations,Sabotage - Destructive Cyber Operations,"Destructive cyber operations involve covert or overt actions to compromise, disrupt, or exploit foreign information systems, including intrusions and sabotage, aimed at degrading institutional capacity and undermining public confidence.",Sabotage,Current,"Covert or overt digital actions conducted to compromise, disrupt, or exploit foreign information systems. These operations include network intrusions, data manipulation, information theft, and digital sabotage aimed at degrading institutional capacity or undermining public confidence. Cyber operations serve as a force-multiplier for sabotage by merging technical precision with strategic ambiguity.","- **Destructive Cyber Operations**: Covert or overt digital actions conducted to compromise, disrupt, or exploit foreign information systems. These operations include network intrusions, data manipulation, information theft, and digital sabotage aimed at degrading institutional capacity or undermining public confidence. Cyber operations serve as a force-multiplier for sabotage by merging technical precision with strategic ambiguity.",,
Elevate Extremists,Sabotage - Elevate Extremists,"Elevate Extremists is a sabotage tactic that strengthens social divisions and weakens institutions by providing support to extremist groups, amplifying their influence, and undermining moderate voices.",Sabotage,Current,"A destabilization tactic that provides financial, material, or informational support to extremist or polarizing groups in order to deepen social divisions and weaken institutional cohesion. By artificially amplifying the visibility and influence of radical movements, this mechanism fosters internal conflict, delegitimizes moderate voices, and distracts from coordinated external objectives while concealing the origin of support.","- **Elevate Extremists**: A destabilization tactic that provides financial, material, or informational support to extremist or polarizing groups in order to deepen social divisions and weaken institutional cohesion. By artificially amplifying the visibility and influence of radical movements, this mechanism fosters internal conflict, delegitimizes moderate voices, and distracts from coordinated external objectives while concealing the origin of support.",,
Foment Violence,Sabotage - Foment Violence,"Foment Violence refers to the strategic provocation and normalization of violence by external actors in a target society, using various methods to incite domestic actors to engage in violence, thereby destabilizing social cohesion and legitimizing further intervention.",Sabotage,Current,"The deliberate provocation, incitement, or normalization of violence within a target society by external actors seeking destabilization. This mechanism operates through multiple channels: infiltrating or manipulating genuine domestic movements to encourage violent tactics; amplifying calls to violence across social media and messaging platforms; glorifying or justifying political violence to shift perceived norms of acceptable action; and seeding rhetoric that frames violence as necessary, inevitable, or defensive. The goal is not direct perpetration but catalysis—triggering domestic actors to engage in violence that fractures social cohesion, delegitimizes institutions, overwhelms security capacity, and creates pretexts for further intervention or narrative exploitation. By outsourcing violence to local actors, external operators maintain deniability while generating chaos that serves strategic objectives.","- **Foment Violence**: The deliberate provocation, incitement, or normalization of violence within a target society by external actors seeking destabilization. This mechanism operates through multiple channels: infiltrating or manipulating genuine domestic movements to encourage violent tactics; amplifying calls to violence across social media and messaging platforms; glorifying or justifying political violence to shift perceived norms of acceptable action; and seeding rhetoric that frames violence as necessary, inevitable, or defensive. The goal is not direct perpetration but catalysis—triggering domestic actors to engage in violence that fractures social cohesion, delegitimizes institutions, overwhelms security capacity, and creates pretexts for further intervention or narrative exploitation. By outsourcing violence to local actors, external operators maintain deniability while generating chaos that serves strategic objectives.",,
Information Pollution,Sabotage - Information Pollution,"Information pollution is a sabotage tactic that overwhelms governance systems through procedural flooding, humanitarian strain, and response saturation, forcing institutions to prioritize volume over merit and leading to their degradation, particularly in democracies.",Sabotage,Current,"The deliberate saturation of institutional capacity through volume, obligation, or persistence to degrade governance function without direct attack. This mechanism exploits the structural commitments of rule-of-law societies—due process, humanitarian duty, transparency requirements, emergency response protocols—by engineering conditions that compel continuous institutional engagement regardless of strategic intent or available resources. Overload operates through three primary vectors: procedural flooding, which saturates legal, regulatory, or administrative systems with formally valid but substantively abusive filings, complaints, or challenges that institutions are obligated to process; humanitarian strain, which manipulates or prolongs human need to force morally and legally non-optional responses that consume state capacity and constrain political choice; and response saturation, which engineers persistent incident conditions that lock agencies into continuous reactive mode, eliminating recovery time and strategic planning. The common logic is the conversion of institutional obligation into governance burden—forcing systems to respond to volume rather than merit, crisis rather than priority, and procedure rather than substance. Institutions remain nominally operational but permanently degraded, trapped in reactive triage while core functions atrophy. The mechanism is particularly effective against democracies, whose commitments to process, rights, and humanitarian norms create exploitable attack surfaces that authoritarian systems do not share.","- **Information Pollution**: The deliberate saturation of institutional capacity through volume, obligation, or persistence to degrade governance function without direct attack. This mechanism exploits the structural commitments of rule-of-law societies—due process, humanitarian duty, transparency requirements, emergency response protocols—by engineering conditions that compel continuous institutional engagement regardless of strategic intent or available resources. Overload operates through three primary vectors: procedural flooding, which saturates legal, regulatory, or administrative systems with formally valid but substantively abusive filings, complaints, or challenges that institutions are obligated to process; humanitarian strain, which manipulates or prolongs human need to force morally and legally non-optional responses that consume state capacity and constrain political choice; and response saturation, which engineers persistent incident conditions that lock agencies into continuous reactive mode, eliminating recovery time and strategic planning. The common logic is the conversion of institutional obligation into governance burden—forcing systems to respond to volume rather than merit, crisis rather than priority, and procedure rather than substance. Institutions remain nominally operational but permanently degraded, trapped in reactive triage while core functions atrophy. The mechanism is particularly effective against democracies, whose commitments to process, rights, and humanitarian norms create exploitable attack surfaces that authoritarian systems do not share.",,
Infrastructure Targeting,Sabotage - Infrastructure Targeting,"Infrastructure targeting involves intentional actions to disrupt essential systems for society, leading to instability and loss of public confidence through various means such as attacks and cyber intrusions.",Sabotage,Current,"A deliberate effort to disrupt, degrade, or destroy physical or digital systems essential to societal functioning—such as energy grids, transportation networks, communication systems, or financial infrastructure. Infrastructure targeting undermines stability and erodes public confidence by converting technical disruptions into systemic failures.
This mechanism operates through direct attacks, cyber intrusions, supply chain manipulation, or deliberate neglect of maintenance, exploiting interdependence within critical systems to produce disproportionate political and psychological effects.","- **Infrastructure Targeting**: A deliberate effort to disrupt, degrade, or destroy physical or digital systems essential to societal functioning—such as energy grids, transportation networks, communication systems, or financial infrastructure. Infrastructure targeting undermines stability and erodes public confidence by converting technical disruptions into systemic failures.
This mechanism operates through direct attacks, cyber intrusions, supply chain manipulation, or deliberate neglect of maintenance, exploiting interdependence within critical systems to produce disproportionate political and psychological effects.",,
Irregular Attacks,Sabotage - Irregular Attacks,"Irregular attacks are deliberate acts of physical sabotage aimed at damaging infrastructure and intimidating populations, differing from cyber operations by causing material harm and visible disruption without typically being classified as acts of war.",Sabotage,Current,"Irregular attacks are deliberate, physical acts of sabotage (explosions, arson, cutting or damaging infrastructure, directed collisions, or physical tampering) intended to degrade, disable, or destroy material systems and to intimidate or coerce populations and governments. As a sabotage mechanism, they differ from cyber-only operations because they cause material damage, pose physical risks to people, and produce highly visible disruption that can shift political calculations and public sentiment. These are generally not considered to rise to the level of an act of war.","'- **Irregular Attacks**: Irregular attacks are deliberate, physical acts of sabotage (explosions, arson, cutting or damaging infrastructure, directed collisions, or physical tampering) intended to degrade, disable, or destroy material systems and to intimidate or coerce populations and governments. As a sabotage mechanism, they differ from cyber-only operations because they cause material damage, pose physical risks to people, and produce highly visible disruption that can shift political calculations and public sentiment. These are generally not considered to rise to the level of an act of war.",,
Malicious Software,Sabotage - Malicious Software,"Malicious software (malware) is intentionally created to infiltrate and disrupt digital systems, enabling espionage, data theft, and sabotage while undermining operational continuity and public trust.",Sabotage,Current,"Malicious software (malware) deliberately designed to infiltrate, disrupt, or compromise digital systems and networks. Malware can be used for espionage, data theft, infrastructure disruption, or system degradation, serving both as a technical enabler and as a direct instrument of sabotage. It undermines operational continuity and public trust by exploiting the interconnectedness of critical digital environments.","'- **Malicious Software**: Malicious software (malware) deliberately designed to infiltrate, disrupt, or compromise digital systems and networks. Malware can be used for espionage, data theft, infrastructure disruption, or system degradation, serving both as a technical enabler and as a direct instrument of sabotage. It undermines operational continuity and public trust by exploiting the interconnectedness of critical digital environments.",,
Stoking Intergroup Conflict,Sabotage - Stoking Intergroup Conflict,"Stoking intergroup conflict involves amplifying or fabricating grievances between groups to foster hostility and mistrust, exploiting perceived injustices to fragment social cohesion and destabilize governance.",Sabotage,Current,"A divisive influence mechanism that amplifies or fabricates grievances between social, ethnic, religious, or political groups to foster hostility, mistrust, and fear of one another. It deliberately encourages anxiety and suspicion between communities by highlighting or inventing threats, real or imagined, exploiting real or perceived injustices to fragment social cohesion, redirect public attention, and destabilize governance structures.","- **Stoking Intergroup Conflict**: A divisive influence mechanism that amplifies or fabricates grievances between social, ethnic, religious, or political groups to foster hostility, mistrust, and fear of one another. It deliberately encourages anxiety and suspicion between communities by highlighting or inventing threats, real or imagined, exploiting real or perceived injustices to fragment social cohesion, redirect public attention, and destabilize governance structures.",,
Terrorism,Sabotage - Terrorism,"Terrorism involves non-state actors using violence and propaganda for political or ideological goals, often with state actors manipulating these groups to destabilize adversaries while maintaining plausible deniability.",Sabotage,Current,"A non-state actor that employs violence, intimidation, and propaganda to achieve political, ideological, or religious objectives. Within sabotage functions, terrorist groups may be created, directed, or exploited by state actors to destabilize adversaries, generate chaos, or advance geopolitical interests under conditions of plausible deniability.","- **Terrorism**: A non-state actor that employs violence, intimidation, and propaganda to achieve political, ideological, or religious objectives. Within sabotage functions, terrorist groups may be created, directed, or exploited by state actors to destabilize adversaries, generate chaos, or advance geopolitical interests under conditions of plausible deniability.",,
Algorithmic Propagation,Spillover - Algorithmic Propagation,"Algorithmic propagation amplifies misleading or sensational content on platforms like YouTube, TikTok, and X by prioritizing engagement metrics over credibility, leading to widespread exposure of disinformation through automated ranking systems.",Spillover,Current,"Algorithmic propagation occurs when automated ranking and recommendation systems elevate manipulated, misleading, or sensational content based on engagement metrics—likes, shares, watch time, or click-throughs—rather than credibility or veracity. This process transforms coordinated disinformation into organic visibility as algorithms reward emotionally charged or divisive material that sustains user attention.
Platforms such as YouTube, TikTok, and X (formerly Twitter) frequently surface such content because engagement signals are interpreted as a proxy for relevance. For example, anti-vaccine videos, Kremlin-aligned narratives about “biolabs in Ukraine,” or climate-skeptic claims have repeatedly gained traction not through direct state promotion, but through algorithmic prioritization of high-interaction material.
By amplifying content based on behavioral feedback loops, algorithms convert targeted manipulation into widespread exposure—blurring the line between coordination and virality and embedding influence operations within everyday recommendation flows.","'- **Algorithmic Propagation**: Algorithmic propagation occurs when automated ranking and recommendation systems elevate manipulated, misleading, or sensational content based on engagement metrics—likes, shares, watch time, or click-throughs—rather than credibility or veracity. This process transforms coordinated disinformation into organic visibility as algorithms reward emotionally charged or divisive material that sustains user attention.
Platforms such as YouTube, TikTok, and X (formerly Twitter) frequently surface such content because engagement signals are interpreted as a proxy for relevance. For example, anti-vaccine videos, Kremlin-aligned narratives about “biolabs in Ukraine,” or climate-skeptic claims have repeatedly gained traction not through direct state promotion, but through algorithmic prioritization of high-interaction material.
By amplifying content based on behavioral feedback loops, algorithms convert targeted manipulation into widespread exposure—blurring the line between coordination and virality and embedding influence operations within everyday recommendation flows.",,
Background Noise,Spillover - Background Noise,Persistent low-level repetition of regime-aligned messages normalizes falsehoods and diminishes audience skepticism through ambient familiarity.,Spillover,Current,"Persistent low-level repetition of regime-aligned messages—across entertainment, commentary, or casual discourse—creates ambient familiarity that normalizes falsehoods and weakens audience skepticism. This slow-drip exposure shapes perception even without persuasion.","- **Background Noise**: Persistent low-level repetition of regime-aligned messages—across entertainment, commentary, or casual discourse—creates ambient familiarity that normalizes falsehoods and weakens audience skepticism. This slow-drip exposure shapes perception even without persuasion.",,
Information Decay,Spillover - Information Decay,"Information decay refers to the gradual loss of shared understanding and trust in facts due to ongoing exposure to conflicting narratives and diminished institutional credibility, leading to fragmented communities unable to reach a common consensus.",Spillover,Current,"The cumulative erosion of shared epistemic foundations through persistent exposure to contradictory narratives, fabricated evidence, and undermined institutional credibility. Over time, populations lose confidence not only in specific claims but in the possibility of establishing shared facts. This degradation is not achieved through any single deception but through the compounding effect of repeated epistemological assaults that fragment consensus reality into incompatible interpretive communities incapable of collective sensemaking.","- **Information Decay**: The cumulative erosion of shared epistemic foundations through persistent exposure to contradictory narratives, fabricated evidence, and undermined institutional credibility. Over time, populations lose confidence not only in specific claims but in the possibility of establishing shared facts. This degradation is not achieved through any single deception but through the compounding effect of repeated epistemological assaults that fragment consensus reality into incompatible interpretive communities incapable of collective sensemaking.",,
Organic Alignment,Spillover - Organic Alignment,"Organic alignment occurs when individuals or groups independently adopt narratives that align with a regime's goals, driven by shared ideology, grievances, or opportunism, thereby enhancing the regime's narrative credibility.",Spillover,Current,"Individuals, influencers, or organizations independently adopt positions or narratives that coincide with a regime’s objectives without coordination or payment. Alignment arises through ideology, grievance resonance, or opportunism, giving state-driven narratives authentic social traction.","- **Organic Alignment**: Individuals, influencers, or organizations independently adopt positions or narratives that coincide with a regime’s objectives without coordination or payment. Alignment arises through ideology, grievance resonance, or opportunism, giving state-driven narratives authentic social traction.",,
Semantic Contagion,Spillover - Semantic Contagion,"Semantic contagion refers to the organic migration of specific linguistic or conceptual frames into different ideological domains, illustrating memetic spread without direct coordination.",Spillover,Current,"Describes when specific linguistic or conceptual frames (e.g., “denazification,” “cancel culture”) migrate organically into other ideological domains. Captures memetic spread beyond direct coordination.","'- **Semantic Contagion**: Describes when specific linguistic or conceptual frames (e.g., “denazification,” “cancel culture”) migrate organically into other ideological domains. Captures memetic spread beyond direct coordination.",,
Unwitting Engagement,Spillover - Unwitting Engagement,"Individuals unknowingly enhance the credibility of manipulated content through genuine social interactions, obscuring its true origin and intent.",Spillover,Current,"Individuals share, like, or comment on manipulated content without realizing its origin or intent, lending credibility through genuine social interaction. This participation masks orchestration and transforms inauthentic material into perceived consensus.","- **Unwitting Engagement**: Individuals share, like, or comment on manipulated content without realizing its origin or intent, lending credibility through genuine social interaction. This participation masks orchestration and transforms inauthentic material into perceived consensus.",,
Banned Platforms,Suppressing Dissent - Banned Platforms,"Platform banning is the intentional restriction of digital platforms by governments to suppress dissent and control narratives, often justified by claims of national security or cultural preservation.",Suppressing Dissent,Current,"Platform banning refers to the deliberate restriction or outright prohibition of specific digital platforms—such as social media sites, messaging apps, or content-sharing services—by state actors to suppress dissent, control narratives, and limit access to alternative sources of information. These bans often target platforms perceived as enabling protest organization, whistleblowing, investigative journalism, or transnational solidarity. Governments may justify these actions under the guise of protecting national security, combating disinformation, or preserving cultural values, but the underlying objective is frequently to sever channels of communication that challenge regime authority.","- **Banned Platforms**: Platform banning refers to the deliberate restriction or outright prohibition of specific digital platforms—such as social media sites, messaging apps, or content-sharing services—by state actors to suppress dissent, control narratives, and limit access to alternative sources of information. These bans often target platforms perceived as enabling protest organization, whistleblowing, investigative journalism, or transnational solidarity. Governments may justify these actions under the guise of protecting national security, combating disinformation, or preserving cultural values, but the underlying objective is frequently to sever channels of communication that challenge regime authority.",,
Demoralization Campaigns,Suppressing Dissent - Demoralization Campaigns,"Demoralization campaigns aim to weaken collective morale and suppress dissent by spreading narratives of decline and defeat, thereby fostering despair and reducing trust in leadership.",Suppressing Dissent,Current,"The systematic dissemination of narratives emphasizing decline, futility, or inevitable defeat to weaken psychological resilience and collective morale. By amplifying despair and cynicism, demoralization campaigns seek to paralyze social response, reduce trust in leadership, and erode willingness to resist or recover from crisis.","- **Demoralization Campaigns**: The systematic dissemination of narratives emphasizing decline, futility, or inevitable defeat to weaken psychological resilience and collective morale. By amplifying despair and cynicism, demoralization campaigns seek to paralyze social response, reduce trust in leadership, and erode willingness to resist or recover from crisis.",,
Economic Coercion,Suppressing Dissent - Economic Coercion,"Economic coercion involves state actors using economic leverage to enforce compliance, punish dissent, or gain political concessions from other states by exploiting their economic dependencies.",Suppressing Dissent,Current,"State actors deploy economic leverage—such as conditional aid, preferential trade terms, or the threat of withholding essential goods—to induce compliance, punish dissent, or extract political concessions from other states. This form of coercion exploits economic dependencies or vulnerabilities to achieve strategic objectives without direct military force.","- **Economic Coercion**: State actors deploy economic leverage—such as conditional aid, preferential trade terms, or the threat of withholding essential goods—to induce compliance, punish dissent, or extract political concessions from other states. This form of coercion exploits economic dependencies or vulnerabilities to achieve strategic objectives without direct military force.",,
Extrajudicial Killings,Suppressing Dissent - Extrajudicial Killings,"Extrajudicial killings are precision assassinations used as instruments of command and control to eliminate threats, sow fear, and maintain regime loyalty.",Suppressing Dissent,Current,"Extrajudicial killings are among the most chilling instruments of command and control. These are precision assassinations of defectors, dissidents, journalists, intelligence insiders, or anyone who has seen or known too much. These killings often take place well beyond the regime’s territorial borders. Their aim is both tactical and psychological.
These acts are deliberately narrow in scope but enormous in symbolic weight. A single hit, staged so that attribution is obvious but deniable, can have the impact of a thousand arrests. The assassinations of Alexander Litvinenko (poisoned with polonium-210 in London, 2006), Anna Politkovskaya (shot outside her Moscow apartment in 2006), and Sergei Skripal (targeted with Novichok nerve agent in the UK, 2018) are a few examples. In each case, someone was challenging the regime’s ability to dictate the truth [83–85].
These operations are covert in planning and conspicuous in effect. Exotic poisons, symbolic timing, and signature methods are not accidents—they are semiotic. Politkovskaya was murdered on Putin’s birthday [83]. The nerve agent used against Skripal could only have come from Russia. The goal is not merely to kill, but to choreograph fear.
Functionally, extrajudicial killings operate across three planes:
- Physical: eliminating strategic threats.
- Cognitive: sowing fear and uncertainty.
- Relational: signaling betrayal carries irrevocable cost.
The message is consistent: “No one is beyond reach. Loyalty is permanent. Betrayal is fatal.” These killings serve not only to erase individuals but to extinguish information, fracture opposition, and dissuade defection [86–89]. In modern command architecture, extrajudicial assassination is enforcement, narrative control, and elite discipline—made lethal by design.","'- **Extrajudicial Killings**: Extrajudicial killings are among the most chilling instruments of command and control. These are precision assassinations of defectors, dissidents, journalists, intelligence insiders, or anyone who has seen or known too much. These killings often take place well beyond the regime’s territorial borders. Their aim is both tactical and psychological.
These acts are deliberately narrow in scope but enormous in symbolic weight. A single hit, staged so that attribution is obvious but deniable, can have the impact of a thousand arrests. The assassinations of Alexander Litvinenko (poisoned with polonium-210 in London, 2006), Anna Politkovskaya (shot outside her Moscow apartment in 2006), and Sergei Skripal (targeted with Novichok nerve agent in the UK, 2018) are a few examples. In each case, someone was challenging the regime’s ability to dictate the truth [83–85].
These operations are covert in planning and conspicuous in effect. Exotic poisons, symbolic timing, and signature methods are not accidents—they are semiotic. Politkovskaya was murdered on Putin’s birthday [83]. The nerve agent used against Skripal could only have come from Russia. The goal is not merely to kill, but to choreograph fear.
Functionally, extrajudicial killings operate across three planes:
- Physical: eliminating strategic threats.
- Cognitive: sowing fear and uncertainty.
- Relational: signaling betrayal carries irrevocable cost.
The message is consistent: “No one is beyond reach. Loyalty is permanent. Betrayal is fatal.” These killings serve not only to erase individuals but to extinguish information, fracture opposition, and dissuade defection [86–89]. In modern command architecture, extrajudicial assassination is enforcement, narrative control, and elite discipline—made lethal by design.",,
Forced Confessions,Suppressing Dissent - Forced Confessions,"Forced confessions are coerced admissions of guilt used by authoritarian regimes to manipulate public perception, suppress dissent, and legitimize repression through state media propaganda.",Suppressing Dissent,Current,"Forced confessions are staged admissions of guilt—often extracted under duress, torture, or psychological manipulation—used by authoritarian regimes to reinforce control and fabricate legitimacy. Broadcast widely through state media, these confessions serve as both propaganda and deterrent, portraying dissidents, journalists, or minorities as criminals or traitors. The spectacle is engineered to erode public sympathy, sow confusion, and signal that resistance is futile. In doing so, it weaponizes the language of justice to disguise repression and intimidate potential dissenters into silence or compliance.","- **Forced Confessions**: Forced confessions are staged admissions of guilt—often extracted under duress, torture, or psychological manipulation—used by authoritarian regimes to reinforce control and fabricate legitimacy. Broadcast widely through state media, these confessions serve as both propaganda and deterrent, portraying dissidents, journalists, or minorities as criminals or traitors. The spectacle is engineered to erode public sympathy, sow confusion, and signal that resistance is futile. In doing so, it weaponizes the language of justice to disguise repression and intimidate potential dissenters into silence or compliance.",,
Hostage Diplomacy,Suppressing Dissent - Hostage Diplomacy,"Hostage diplomacy is the arbitrary detention of foreign nationals to gain political leverage, suppress dissent, and intimidate critics of authoritarian regimes, often involving vague accusations and a lack of due process.",Suppressing Dissent,Current,"Hostage diplomacy involves the arbitrary detention of foreign nationals or dual citizens to extract political concessions, retaliate against foreign governments, or signal displeasure. Detainees are often accused of vague or fabricated national security violations and held without due process. This tactic reframes individual liberty as a tool of interstate negotiation, turning human lives into bargaining chips. It serves a dual purpose: projecting power internationally and chilling dissent among diaspora communities, NGOs, and journalists by demonstrating the personal risks of defying or confronting authoritarian regimes abroad.","- **Hostage Diplomacy**: Hostage diplomacy involves the arbitrary detention of foreign nationals or dual citizens to extract political concessions, retaliate against foreign governments, or signal displeasure. Detainees are often accused of vague or fabricated national security violations and held without due process. This tactic reframes individual liberty as a tool of interstate negotiation, turning human lives into bargaining chips. It serves a dual purpose: projecting power internationally and chilling dissent among diaspora communities, NGOs, and journalists by demonstrating the personal risks of defying or confronting authoritarian regimes abroad.",,
Lawfare,Suppressing Dissent - Lawfare,"Lawfare involves the strategic use of legal processes by authorities to intimidate and delegitimize independent organizations and media, suppressing dissent and fostering self-censorship.",Suppressing Dissent,Current,"Legal processes and regulatory frameworks are strategically employed by authorities to burden, intimidate, or delegitimize independent organizations and media. This form of information manipulation uses judicial and administrative measures to restrict dissenting voices, disrupt critical reporting, and create a climate of self-censorship without overt censorship.","- **Lawfare**: Legal processes and regulatory frameworks are strategically employed by authorities to burden, intimidate, or delegitimize independent organizations and media. This form of information manipulation uses judicial and administrative measures to restrict dissenting voices, disrupt critical reporting, and create a climate of self-censorship without overt censorship.",,
Visa Denials,Suppressing Dissent - Visa Denials,"Visa denials serve as a covert method of suppressing dissent by restricting the movement of journalists, academics, and activists based on their political beliefs, often justified under the guise of national security.",Suppressing Dissent,Current,"Visa denials are deployed as a silent form of coercion aimed at restricting mobility, silencing dissent, and excluding critical voices from global discourse. Investigative journalists, academics, activists, and human rights defenders may be denied entry to—or exit from—countries based on their political beliefs or affiliations. These denials rarely come with clear justification and are often framed as matters of national security or administrative discretion. By limiting access to international platforms and collaborations, regimes curtail exposure of abuses, discredit alternative narratives, and isolate critics.","- **Visa Denials**: Visa denials are deployed as a silent form of coercion aimed at restricting mobility, silencing dissent, and excluding critical voices from global discourse. Investigative journalists, academics, activists, and human rights defenders may be denied entry to—or exit from—countries based on their political beliefs or affiliations. These denials rarely come with clear justification and are often framed as matters of national security or administrative discretion. By limiting access to international platforms and collaborations, regimes curtail exposure of abuses, discredit alternative narratives, and isolate critics.",,